Province/State,Country/Region,Lat,Long,January/20,February/20,March/20,April/20,May/20,June/20,July/20,August/20,September/20,October/20,November/20,December/20,January/21,February/21,March/21,April/21,May/21,June/21,July/21,August/21,September/21,October/21,November/21,December/21,January/22,February/22,March/22,April/22,May/22,June/22,July/22,August/22,September/22,October/22,November/22,December/22,January/23,February/23
,Afghanistan,33.93911,67.709953,0,0,21,812,4924,14982,33439,42108,43060,46274,48777,62050,71891,67864,76227,76300,85386,114208,184478,216817,215185,224427,218866,227309,228855,210096,236979,230302,238432,231381,239718,240588,233728,242155,234889,243097,243684,221062
,Albania,41.1533,20.1683,0,0,91,728,975,1221,3302,6945,10286,13731,19239,31857,39480,44037,63810,69887,75267,73604,76140,76586,77186,87201,90259,97819,101437,95637,108045,104832,108400,104916,109091,110676,107586,111321,107807,111423,111474,100702
,Algeria,28.0339,1.6596,0,0,324,9197,16901,23600,32720,42428,48964,57192,65248,81232,87734,82303,94314,94693,104551,107894,121911,149055,168391,181913,179783,191320,199006,188533,212805,206227,213125,206250,213133,213211,206367,213301,206430,213311,213311,192668
,Andorra,42.5063,1.5218,0,0,39,917,1518,1545,1612,1632,1590,1895,2266,2478,2805,2986,3499,3637,3935,3810,3939,3999,3900,4030,3907,4194,4417,4169,4722,4590,4743,4590,4743,4772,4644,4805,4666,4976,5115,4620
,Angola,-11.2027,17.8739,0,0,6,60,85,210,915,2627,4268,7325,9636,11686,13481,13697,16193,16851,20979,25209,29592,34363,41306,51232,51781,53989,57365,53138,58900,57000,58900,57000,59095,59407,57510,59427,57559,59735,59838,54072
,Antarctica,-71.9499,23.347,0,0,0,0,0,0,0,0,0,0,0,0,0,0,0,0,0,0,0,0,0,0,0,0,0,0,0,0,0,0,0,0,0,0,0,0,0,0
,Antigua and Barbuda,17.0608,-61.7964,0,0,0,62,93,90,93,93,90,93,107,143,175,279,770,911,1144,1260,1310,1335,1627,2912,3271,3638,3766,3718,4185,4053,4258,4192,4436,4472,4355,4526,4380,4526,4526,4088
,Argentina,-38.4161,-63.6167,0,0,158,3482,11562,26775,69223,183974,371729,795200,1062692,1278031,1412028,1407809,1674835,1774449,2196043,2601189,3120501,3383419,3415136,3584551,3488482,3622740,3675187,3479596,3946404,3849026,3991548,3869745,4004647,4015622,3894693,4028787,3900272,4031945,4039030,3652432
,Armenia,40.0691,45.0382,0,0,12,527,2012,8745,18701,25394,27637,33744,53074,78705,92132,87995,102663,114772,133516,134539,141368,146024,152283,178825,211075,242872,248466,230317,265776,258615,267316,258850,267527,267904,260105,269696,261273,270088,270212,244132
Australian Capital Territory,Australia,-35.4735,149.0124,0,0,2,73,93,90,93,93,90,93,90,93,93,84,93,90,93,90,93,93,102,310,417,459,605,867,1151,1404,1812,2154,2639,3493,3752,3918,3852,4186,4530,5190
New South Wales,Australia,-33.8688,151.2093,0,0,120,750,1415,1447,1520,1587,1572,1643,1590,1648,1674,1512,1674,1620,1674,1620,1815,3370,8176,15897,18299,19922,29370,48392,62091,78135,92674,101215,119517,142069,153502,166847,164755,176018,186510,178611
Northern Territory,Australia,-12.4634,130.8456,0,0,0,0,0,0,0,0,0,0,0,0,0,0,0,0,0,0,0,0,0,0,0,29,49,315,961,1134,1432,1555,1666,1889,2111,2279,2348,2576,2685,2475
Queensland,Australia,-27.4698,153.0251,0,0,9,151,192,180,186,186,180,186,180,186,186,168,186,199,217,210,217,217,210,217,210,217,2136,11176,20403,24087,29672,34510,43621,55577,62779,69487,69207,73742,78273,76050
South Australia,Australia,-34.9285,138.6007,0,0,0,88,124,120,124,124,120,124,120,124,124,112,124,120,124,120,124,124,120,124,120,131,1505,4290,6997,8985,12575,14767,18203,23260,26174,31456,31747,34664,37209,36471
Tasmania,Australia,-42.8821,147.3272,0,0,1,183,403,390,403,403,390,403,390,403,403,364,403,390,403,390,403,403,390,403,390,403,444,633,847,1222,2020,2509,3509,5178,5509,5877,5971,6620,7294,6959
Victoria,Australia,-37.8136,144.9631,0,0,21,394,567,578,1391,10334,21853,25221,24572,25420,25420,22960,25420,24600,25420,24600,25420,25422,24994,30303,37314,44672,53505,64496,82393,85257,98541,110849,131224,154936,165318,178629,178015,193031,208105,202916
Western Australia,Australia,-31.9505,115.8605,0,0,37,178,277,270,279,279,270,279,270,279,279,252,279,270,279,270,279,281,270,279,270,279,279,270,672,2950,6138,9983,13757,17267,18972,20885,21801,24900,27244,26250
,Austria,47.5162,14.5501,0,0,729,12724,21752,23280,25703,27297,28216,35716,76757,186171,264016,279422,338468,358829,394598,390400,406345,408503,400526,424785,436962,505144,527568,491015,570944,582946,614806,599426,625341,635728,620637,647625,633207,660605,668567,610387
,Azerbaijan,40.1431,47.5769,0,0,37,429,1227,3939,10407,15562,16972,19697,30250,63398,91932,89032,103279,121720,147629,148624,154791,162064,184648,209845,224561,252393,264465,254489,297802,291122,301005,291438,301498,303119,296112,307907,298962,309801,311483,282860
,Bahamas,25.025885,-78.035889,0,0,0,235,341,330,347,792,2105,3612,4721,5125,5419,4977,5736,5771,6761,7151,8208,9890,14282,18713,19926,21930,22449,21326,24120,23672,24913,24407,25463,25501,24850,25823,24990,25823,25823,23324
,Bahrain,26.0275,50.55,0,0,41,190,349,1441,3672,5311,6496,8985,10017,10767,11185,11365,15134,17448,23798,36929,42642,42945,41648,43127,41801,43214,43351,40005,45368,44201,45894,44705,46589,46886,45549,47200,45968,47669,47747,43272
,Bangladesh,23.685,90.3563,0,0,49,2153,10746,37194,77720,114101,143910,174118,187421,221327,244126,231880,267616,305973,376107,401202,542385,745570,810568,859838,837856,869050,873409,806596,902188,873744,902968,874016,906097,908675,880209,911320,882855,912547,912663,824439
,Barbados,13.1939,-59.5432,0,0,0,122,217,210,217,217,210,217,210,217,258,678,1196,1311,1426,1410,1480,1492,1715,3504,5889,7781,8376,8382,10124,11484,13278,14067,14918,16122,16661,17360,16867,17596,17647,16048
,Belarus,53.7098,27.9534,0,0,1,1171,4986,9483,14953,19080,22796,28380,31736,40022,48780,51861,65544,71955,83744,90040,102454,112135,118858,136016,146036,165467,180483,175710,206910,206815,216155,209340,220098,220658,213540,220658,213540,220658,220658,199304
,Belgium,50.8333,4.469936,0,0,3145,132664,273995,289543,303682,307232,298143,325069,432647,565082,631655,606413,698886,709354,764910,752857,781478,784440,764611,799027,793400,860115,888373,831533,944980,934452,980571,955148,993984,1004232,978226,1016595,989851,1027778,1037040,941839
,Belize,17.1899,-88.4976,0,0,0,46,62,60,62,163,578,1286,2883,6300,8649,8716,9795,9569,10017,9805,10288,10756,11541,14075,16216,18239,18976,17831,20231,20052,20970,20351,21080,21080,20436,21281,20619,21328,21328,19264
,Benin,9.3077,2.3158,0,0,0,25,73,264,876,1195,1201,1271,1284,1363,1432,1711,2576,2852,3119,3084,3289,3629,4331,4967,4830,4991,5024,4564,5053,4890,5053,4890,5053,5053,4890,5053,4890,5053,5053,4564
,Bhutan,27.5142,90.4336,0,0,0,0,0,0,0,0,0,0,0,0,24,28,31,30,31,30,48,82,90,93,90,93,97,140,246,488,651,630,651,651,630,651,630,651,651,588
,Bolivia,-16.2902,-63.5887,0,0,11,887,5482,20104,62947,126236,212820,260850,265610,280226,299667,312089,371377,377844,421894,472289,538266,563167,558339,584000,571020,601197,628895,595746,666913,657077,680026,658526,681777,686368,666650,689365,667285,690254,692255,626005
,Bosnia and Herzegovina,43.9159,17.6791,0,0,50,1272,3748,5006,7577,14810,21892,30973,58331,107176,137003,137362,176346,230006,278061,285974,299783,301399,304882,344219,362354,404599,429191,421674,484503,472337,489120,473859,490492,494814,483050,500872,485671,502694,503508,455455
,Botswana,-22.3285,24.6849,0,0,1,30,31,30,36,87,345,610,858,1162,2506,6275,13723,19744,23877,28901,40505,61072,69946,73992,72380,75195,78065,72842,81323,80618,83440,81320,85514,86017,83544,86481,83700,86584,86829,78423
,Brazil,-14.235,-51.9253,0,0,976,66571,510577,1358269,2376217,3351185,4009882,4737708,4990589,5706947,6489123,6721484,8839837,10968427,13514947,14781093,16728815,17665488,17675234,18696666,18350924,19143101,19286149,17913610,20330954,19861681,20621622,20060920,20929564,21129878,20553490,21302426,20664867,21442846,21562150,19543457
,Brunei,4.5353,114.7277,0,0,4,30,36,75,93,93,90,93,90,93,93,84,93,90,93,90,93,122,726,2170,2839,3036,3038,2895,5363,6485,6831,6734,6975,6975,6750,6975,6750,6975,6975,6300
,Bulgaria,42.7339,25.4858,0,0,71,1111,3285,5500,9167,15642,22024,30756,72503,187730,261407,270490,359929,448434,533689,537895,562938,571340,595258,693426,794753,925071,996617,968110,1121052,1102855,1148484,1116308,1156379,1162783,1129956,1171571,1139175,1180339,1182518,1069559
,Burkina Faso,12.2383,-1.5616,0,0,86,921,1555,1590,1643,1687,1679,1960,2028,2276,3130,3815,4469,4604,5068,5019,5226,5274,5220,6301,7430,9309,10672,10477,11704,11480,11896,11565,11997,11997,11610,11997,11610,12093,12266,11088
,Burma,21.9162,95.956,0,0,1,110,186,180,186,186,2523,24729,47792,72559,90908,89126,99277,96191,99600,97649,163264,407116,502280,567160,568072,595194,598250,541105,601729,583012,602454,583020,602454,602504,583405,603595,584588,604146,604190,545720
,Burundi,-3.3731,29.9189,0,0,0,18,31,30,31,31,30,31,30,44,62,80,126,180,186,230,252,1149,1140,1178,1140,1178,1178,1064,1178,1140,1178,1140,1178,1178,1140,1178,1140,1178,1178,1064
,Cabo Verde,16.5388,-23.0418,0,0,8,30,83,218,606,1042,1446,2518,3052,3415,3719,3918,4892,5685,7604,8300,9087,9353,9759,10742,10485,10891,11612,11174,12431,12030,12432,12072,12658,12710,12300,12710,12317,12772,12778,11564
,Cambodia,11.55,104.9167,0,0,0,0,0,0,0,0,0,0,0,0,0,0,93,1337,4672,11411,32097,52331,62686,80620,86150,92664,93459,84516,94457,91657,94736,91680,94736,94736,91680,94736,91680,94736,94736,85568
,Cameroon,3.848,11.5021,0,0,24,825,4122,7717,11230,12455,12476,13121,12999,13797,14075,13941,18896,28022,36756,39147,41178,41510,41068,48444,52794,56769,57598,53453,59712,57810,59758,57903,59861,59913,58050,60185,58920,60915,60915,55020
Alberta,Canada,53.9333,-116.5765,0,0,26,1433,3829,4508,5217,6831,7596,9037,12716,24250,43055,49705,60345,60981,66565,68156,71720,72567,75343,90806,95618,101772,105521,105394,124258,124423,136453,137482,143895,145972,145319,153559,153405,164147,168491,154616
British Columbia,Canada,53.7267,-127.6476,0,0,201,2098,4363,5064,5803,6153,6595,7761,9514,20839,32758,36216,43766,45647,50874,51988,54636,55363,56372,63840,67907,74067,77312,77209,91385,91272,102919,109171,118376,124207,126145,135638,137252,146912,153638,144027
Diamond Princess,Canada,0,0,0,0,10,30,31,30,31,31,30,31,30,31,31,28,31,30,31,30,31,31,30,31,30,31,31,28,31,30,31,30,31,31,30,31,30,31,31,28
Grand Princess,Canada,0,0,0,0,0,0,0,0,0,0,0,0,0,0,0,0,0,0,0,0,0,0,0,0,0,0,0,0,0,0,0,0,0,0,0,0,0,0,0,0
Manitoba,Canada,53.7609,-98.8139,0,0,5,129,213,210,221,318,507,1235,5233,15958,23569,24258,28444,28643,31339,33146,36054,36757,36054,38056,38339,42028,45319,45626,53207,52828,57789,60139,63594,64591,63911,67817,67422,71381,73646,68271
New Brunswick,Canada,46.5653,-66.4619,0,0,0,0,0,45,62,62,60,101,188,239,373,631,910,988,1279,1337,1423,1426,1471,2759,3648,4476,5930,7930,10006,11125,12576,12654,13428,14022,14200,15904,17888,19315,22383,22420
Newfoundland and Labrador,Canada,53.1355,-57.6604,0,0,2,77,93,90,93,93,90,122,120,124,124,119,186,180,186,203,217,217,214,407,503,559,838,1546,2508,4078,5397,5635,6068,6616,6962,7617,7841,8675,9098,8535
Northwest Territories,Canada,64.8255,-124.8457,0,0,0,0,0,0,0,0,0,0,0,0,0,0,0,0,0,0,0,7,52,253,351,372,405,490,623,642,682,660,682,682,660,682,660,682,682,616
Nova Scotia,Canada,44.682,-63.7443,0,0,0,257,1578,1858,1956,1993,1950,2015,1950,2015,2015,1820,2029,1995,2294,2691,2862,2890,2835,3046,3131,3420,3775,4859,6896,8229,11001,12291,13741,14755,15364,17199,18273,20543,21473,20834
Nunavut,Canada,70.2998,-83.1076,0,0,0,0,0,0,0,0,0,0,0,12,31,28,73,120,124,120,124,124,120,124,120,124,138,140,157,206,217,210,217,217,210,217,210,217,217,196
Ontario,Canada,51.2538,-85.3232,0,0,171,13664,55606,75567,84644,86544,84704,94042,101277,125672,165577,186770,222393,230354,261920,269347,287445,292301,288800,304142,298188,312977,331377,338120,384584,378676,405090,400296,419586,430252,427531,452104,451309,478048,487761,448947
Prince Edward Island,Canada,46.5107,-63.4168,0,0,0,1,0,0,0,0,0,0,0,0,0,0,0,0,0,0,0,0,0,0,0,0,94,376,500,631,943,1036,1232,1578,1694,1938,2126,2503,2597,2538
Quebec,Canada,52.9399,-73.5491,0,0,361,34984,129123,164363,176380,178259,174367,188352,201846,239686,281899,284883,327092,323655,342140,335286,348172,349054,339600,354627,346288,360602,384037,383674,440258,439794,472937,465300,488575,501077,497673,524000,516237,543112,552400,504948
Repatriated Travellers,Canada,,,0,0,0,0,0,0,0,0,0,0,0,0,0,0,0,0,0,0,0,0,0,0,0,0,0,0,0,0,0,0,0,0,0,0,0,0,0,0
Saskatchewan,Canada,52.9399,-106.4509,0,0,4,116,214,376,473,655,720,765,967,3102,6801,9916,12717,13813,15998,16710,17783,18195,19113,24120,26822,29138,29991,29140,35982,37964,41628,41856,43941,45111,44790,47931,49165,53990,55882,52080
Yukon,Canada,64.2823,-135,0,0,0,0,0,0,0,0,0,2,30,31,31,28,31,35,62,86,178,246,263,307,336,434,476,549,713,723,782,780,806,918,919,969,960,992,992,896
,Central African Republic,6.6111,20.9394,0,0,0,0,10,559,1677,1874,1860,1922,1877,1953,1953,1764,1973,2341,2931,2940,3038,3057,3000,3100,3019,3131,3289,3128,3503,3390,3503,3390,3503,3503,3390,3503,3390,3503,3503,3164
,Chad,15.4542,18.7322,0,0,0,9,1345,2155,2314,2358,2417,2862,3002,3173,3440,3632,4730,5029,5333,5217,5394,5394,5220,5394,5250,5599,5766,5320,5894,5770,5983,5790,5983,5983,5790,5991,5820,6014,6014,5432
,Chile,-35.6751,-71.543,0,0,50,3274,15833,101418,239257,323785,361583,419247,444645,495826,540938,546762,676397,744626,862376,928910,1060535,1126688,1117971,1166007,1140689,1201811,1221228,1142576,1489494,1714565,1789500,1745327,1830179,1861370,1825189,1904286,1861848,1947608,1969012,1792485
Anhui,China,31.8257,117.2264,0,113,186,180,186,180,186,186,180,186,180,186,186,168,186,180,186,180,186,186,180,186,180,186,186,168,186,180,186,180,186,186,180,186,180,190,217,196
Beijing,China,40.1824,116.4142,5,93,248,245,279,270,279,279,270,279,270,279,279,252,279,270,279,270,279,279,270,279,270,279,279,252,279,270,279,270,279,279,270,279,312,494,620,560
Chongqing,China,30.0572,107.874,0,119,186,180,186,180,186,186,180,186,180,186,186,168,186,180,186,180,186,186,180,186,180,186,186,168,186,180,186,180,186,186,180,186,183,224,332,308
Fujian,China,26.0789,117.9874,0,10,31,30,31,30,31,31,30,31,30,31,31,28,31,30,31,30,31,31,30,31,30,31,31,28,31,30,31,30,31,31,30,31,30,34,62,56
Gansu,China,35.7518,104.2861,0,43,62,60,62,60,62,62,60,62,60,62,62,56,62,60,62,60,62,62,60,62,60,62,62,56,62,60,62,60,62,62,60,62,60,62,62,56
Guangdong,China,23.3417,113.4244,0,89,240,240,248,240,248,248,240,248,240,248,248,224,248,240,248,240,248,248,240,248,240,248,248,224,248,240,248,240,248,248,240,248,240,248,302,280
Guangxi,China,23.8298,108.7881,0,38,62,60,62,60,62,62,60,62,60,62,62,56,62,60,62,60,62,62,60,62,60,62,62,56,62,60,62,60,62,62,60,62,60,62,62,56
Guizhou,China,26.8154,106.8748,0,37,62,60,62,60,62,62,60,62,60,62,62,56,62,60,62,60,62,62,60,62,60,62,62,56,62,60,62,60,62,62,60,62,60,62,62,56
Hainan,China,19.1959,109.7453,5,98,182,180,186,180,186,186,180,186,180,186,186,168,186,180,186,180,186,186,180,186,180,186,186,168,186,180,186,180,186,186,180,186,180,186,186,168
Hebei,China,39.549,116.1306,9,97,186,180,186,180,186,186,180,186,180,186,205,196,217,210,217,210,217,217,210,217,210,217,217,196,217,210,217,210,217,217,210,217,210,217,217,196
Heilongjiang,China,47.862,127.7615,10,249,403,390,403,390,403,403,390,403,390,403,403,364,403,390,403,390,403,403,390,403,390,403,403,364,403,390,403,390,403,403,390,403,390,403,537,504
Henan,China,37.8957,114.9042,9,341,682,660,682,660,682,682,660,682,660,682,682,616,682,660,682,660,682,682,660,682,660,682,682,616,682,660,682,660,682,682,660,682,670,713,713,644
Hong Kong,China,22.3,114.2,0,37,105,120,124,144,377,1987,3011,3255,3226,3855,5051,5378,6289,6227,6510,6306,6568,6572,6378,6603,6390,6603,6603,8445,144345,267066,290073,281757,292652,297218,296828,318529,316833,346279,395665,375812
Hubei,China,30.9756,112.2707,842,44620,94842,114572,139872,135360,139872,139872,135360,139872,135360,139872,139872,126336,139872,135360,139872,135360,139872,139872,135360,139872,135360,139872,139872,126336,139872,135360,139872,135360,139872,139872,135360,139872,135360,139872,139953,126420
Hunan,China,27.6104,111.7088,0,66,124,120,124,120,124,124,120,124,120,124,124,112,124,120,124,120,124,124,120,124,120,124,124,112,124,120,124,120,124,124,120,124,120,124,124,112
Inner Mongolia,China,44.0935,113.9448,0,0,29,30,31,30,31,31,30,31,30,31,31,28,31,30,31,30,31,31,30,31,30,31,31,28,31,30,31,30,31,31,30,31,30,31,31,28
Jiangsu,China,32.9711,119.455,0,0,0,0,0,0,0,0,0,0,0,0,0,0,0,0,0,0,0,0,0,0,0,0,0,0,0,0,0,0,0,0,0,0,0,0,0,0
Jiangxi,China,27.614,115.7221,0,20,31,30,31,30,31,31,30,31,30,31,31,28,31,30,31,30,31,31,30,31,30,31,31,28,31,30,31,30,31,31,30,31,30,31,58,56
Jilin,China,43.6661,126.1923,0,23,31,30,47,60,62,62,60,62,60,62,69,84,93,90,93,90,93,93,90,93,90,93,93,84,119,150,155,150,155,155,150,155,150,155,155,140
Liaoning,China,41.2956,122.6085,0,18,43,60,62,60,62,62,60,62,60,62,62,56,62,60,62,60,62,62,60,62,60,62,62,56,62,60,62,60,62,62,60,62,60,62,62,56
Macau,China,22.1667,113.55,0,0,0,0,0,0,0,0,0,0,0,0,0,0,0,0,0,0,0,0,0,0,0,0,0,0,0,0,0,0,125,186,180,186,180,436,3057,3386
Ningxia,China,37.2692,106.1655,0,0,0,0,0,0,0,0,0,0,0,0,0,0,0,0,0,0,0,0,0,0,0,0,0,0,0,0,0,0,0,0,0,0,0,0,0,0
Qinghai,China,35.7452,95.9956,0,0,0,0,0,0,0,0,0,0,0,0,0,0,0,0,0,0,0,0,0,0,0,0,0,0,0,0,0,0,0,0,0,0,0,0,0,0
Shaanxi,China,35.1917,108.8701,0,10,66,90,93,90,93,93,90,93,90,93,93,84,93,90,93,90,93,93,90,93,90,93,93,84,93,90,93,90,93,93,90,93,90,103,155,140
Shandong,China,36.3427,118.1498,0,72,205,210,217,210,217,217,210,217,210,217,217,196,217,210,217,210,217,217,210,217,210,217,217,196,217,210,217,210,217,217,210,217,210,245,304,280
Shanghai,China,31.202,121.4491,6,48,110,203,217,210,217,217,210,217,210,217,217,196,217,210,217,210,217,217,210,217,210,217,217,196,217,2022,17575,17850,18445,18445,17850,18445,17850,18445,18445,16660
Shanxi,China,37.5777,112.2922,0,0,0,0,0,0,0,0,0,0,0,0,0,0,0,0,0,0,0,0,0,0,0,0,0,0,0,0,0,0,0,0,0,0,0,0,28,28
Sichuan,China,30.6171,102.7103,3,57,93,90,93,90,93,93,90,93,90,93,93,84,93,90,93,90,93,93,90,93,90,93,93,84,93,90,93,90,93,93,90,93,100,159,364,336
Tianjin,China,39.3054,117.323,0,61,93,90,93,90,93,93,90,93,90,93,93,84,93,90,93,90,93,93,90,93,90,93,93,84,93,90,93,90,93,93,90,93,90,93,93,84
Tibet,China,31.6927,88.0924,0,0,0,0,0,0,0,0,0,0,0,0,0,0,0,0,0,0,0,0,0,0,0,0,0,0,0,0,0,0,0,0,0,0,0,0,0,0
Unknown,China,,,0,0,89,1281,2061,2116,2232,2240,2210,2312,2377,2824,3765,4560,5559,5509,5735,5563,5983,6280,6439,6974,7088,7644,8153,7639,8718,8663,9072,8897,9450,9747,9571,9971,4522,2,1182909,2291626
Xinjiang,China,41.1129,85.2401,0,27,93,90,93,90,93,93,90,93,90,93,93,84,93,90,93,90,93,93,90,93,90,93,93,84,93,90,93,90,93,93,90,93,90,93,93,84
Yunnan,China,24.974,101.487,0,21,62,60,62,60,62,62,60,62,60,62,62,56,62,60,62,60,62,62,60,62,60,62,62,56,62,60,62,60,62,62,60,62,60,62,111,112
Zhejiang,China,29.1832,120.0934,0,10,31,30,31,30,31,31,30,31,30,31,31,28,31,30,31,30,31,31,30,31,30,31,31,28,31,30,31,30,31,31,30,31,30,31,31,28
,Colombia,4.5709,-74.2973,0,0,68,4249,17976,57268,195663,466528,697511,888821,1023710,1233616,1501117,1608609,1906300,2035213,2520736,2925521,3558500,3824385,3771875,3931205,3836490,4008023,4074821,3838804,4319090,4192030,4334553,4197467,4351990,4379544,4251671,4396333,4255992,4398311,4402787,3983879
,Comoros,-11.6455,43.3333,0,0,0,0,31,117,217,217,210,217,210,224,1390,3556,4517,4380,4526,4380,4542,4557,4410,4557,4460,4705,4926,4480,4960,4800,4962,4800,4960,4980,4830,4991,4830,4991,4991,4508
,Congo (Brazzaville),-0.228,15.8277,0,0,0,157,427,832,1496,2109,2774,2818,2776,3090,3495,3455,4102,4164,4623,4798,5316,5565,5578,6969,9655,11217,11478,10497,11800,11550,11935,11550,11960,11966,11580,11966,11580,11966,11984,10864
,Congo (Kinshasa),-4.0383,21.7587,0,0,41,659,1628,3414,5994,7344,7969,9000,9653,12964,19582,19347,22362,22475,24046,25599,30804,32567,32089,33748,33029,35108,38710,36772,41391,40110,41463,40519,42828,43200,42764,44763,43466,45222,45338,40980
,Costa Rica,9.7489,-83.7534,0,0,24,122,260,356,1823,9155,19556,35904,46733,60628,74860,76359,89213,92092,111862,131892,150453,162926,177372,210011,216347,227350,230278,218861,253876,250678,262085,255750,265760,272578,267353,278298,270610,280726,282537,257273
,Cote d'Ivoire,7.54,-5.5471,0,0,3,226,772,1443,2672,3376,3584,3753,3849,4133,4420,4903,6664,8085,9158,9229,9934,11559,16115,20866,21030,21903,23405,22100,24661,23922,24769,24036,25024,25265,24658,25623,24877,25734,25815,23342
,Croatia,45.1,15.2,0,0,36,1043,2877,3178,3808,5123,6960,11578,33031,89251,141227,148719,177184,194602,237698,244260,255271,257011,254288,275792,300130,365962,407851,406927,476346,471560,493739,480748,501090,511958,504587,527744,517136,540869,550608,501970
,Cuba,21.521757,-77.781167,0,0,28,862,2389,2527,2687,2767,3300,3876,3933,4283,5331,7503,11676,15307,24979,33455,58063,126410,194918,247072,248409,257734,258783,237046,263626,255598,264380,255870,264399,264410,255900,264430,255900,264430,264430,238840
,Cyprus,35.1264,33.4299,0,0,32,344,504,546,589,621,646,753,1096,2595,5081,6171,7475,8462,10630,11131,12079,14448,16156,17458,17552,19094,21195,22157,28040,29604,32370,32057,33718,35548,35270,36837,36324,38630,39409,36266
,Czechia,49.8175,15.473,0,0,110,4582,9018,10017,11146,12429,14972,47264,183953,307408,436680,512288,731177,843904,924449,907007,940442,941777,912799,947459,951756,1078261,1140587,1061831,1216143,1198798,1247583,1209119,1251391,1260791,1228476,1282702,1251769,1302017,1309566,1186215
Faroe Islands,Denmark,61.8926,-6.9118,0,0,0,0,0,0,0,0,0,0,0,0,26,28,31,30,31,30,32,62,60,62,268,405,488,640,868,840,868,840,868,868,840,868,840,868,868,784
Greenland,Denmark,71.7069,-42.6043,0,0,0,0,0,0,0,0,0,0,0,0,0,0,0,0,0,0,0,0,0,0,0,5,86,279,626,630,651,630,651,651,630,651,630,651,651,588
,Denmark,56.2639,9.5018,0,0,542,9093,16639,17867,18918,19230,19065,21144,23058,31323,53990,63827,74189,73575,77569,75772,78769,79414,78558,83207,83539,95202,108426,116103,162022,178921,194779,192444,203145,211073,209811,223141,223626,236782,247902,229850
,Diamond Princess,0,0,0,35,234,361,403,390,403,403,390,403,390,403,403,364,403,390,403,390,403,403,390,403,390,403,403,364,403,390,403,390,403,403,390,403,390,403,403,364
,Djibouti,11.8251,42.5903,0,0,0,41,244,1210,1748,1839,1825,1891,1830,1891,1898,1764,1986,3281,4669,4632,4807,4848,4773,5507,5562,5843,5859,5292,5859,5670,5859,5670,5859,5859,5670,5859,5670,5859,5859,5292
,Dominica,15.415,-61.371,0,0,0,0,0,0,0,0,0,0,0,0,0,0,0,0,0,0,0,22,264,852,1036,1319,1498,1521,1916,1890,1967,2011,2108,2108,2064,2294,2220,2294,2294,2072
,Dominican Republic,18.7357,-70.1627,0,0,220,5552,12982,18404,29158,44550,59230,67808,68649,73568,76846,82092,100163,102213,110656,111722,121075,123548,120714,126677,125185,130928,132411,121649,135577,131260,135672,131428,135873,135899,131520,135904,131520,135904,135904,122752
,Ecuador,-1.8312,-78.1834,0,0,423,12586,76863,118831,160481,189640,304684,379203,390757,430061,445664,428747,505563,527926,609921,633587,787795,990974,976576,1019843,992660,1040620,1057631,978856,1095801,1065384,1103916,1070244,1108819,1110288,1076382,1113076,1078045,1114140,1114156,1007527
,Egypt,26.820553,30.802498,0,0,338,6017,19547,54759,125273,159360,170670,189211,193889,218457,264116,280696,352754,379473,443247,470770,508646,515510,508827,556651,587752,657298,687235,655568,752879,736094,764921,741609,766915,768300,743884,768720,743940,768796,768912,694620
,El Salvador,13.7942,-88.8965,0,0,1,181,809,2638,9534,18654,23725,28261,31368,37941,45846,48855,60446,62006,67769,69349,77133,86391,92067,107137,111682,117859,119156,111995,127160,123727,128017,124087,129316,130690,126819,131126,126900,131130,131130,118440
,Equatorial Guinea,1.6508,10.2679,0,0,0,9,219,660,1594,2573,2490,2573,2542,2640,2666,2461,3051,3176,3499,3583,3800,3818,4051,4886,5081,5425,5528,5096,5672,5490,5673,5490,5673,5673,5490,5673,5490,5673,5673,5124
,Eritrea,15.1794,39.7823,0,0,0,0,0,0,0,0,0,0,0,12,172,196,233,300,398,529,931,1127,1205,1356,1548,2071,2701,2855,3193,3090,3193,3090,3193,3193,3090,3193,3090,3193,3193,2884
,Estonia,58.5953,25.0136,0,0,14,978,1903,2068,2139,1967,1920,2151,2554,5139,10037,14034,23021,31686,37739,37975,39386,39696,39637,44235,50539,57954,61415,59541,73299,75212,79234,77453,80809,81779,79874,84154,82800,87323,89508,81865
,Eswatini,-26.5225,31.4659,0,0,0,15,57,150,701,2187,3035,3546,3558,4358,11725,17505,20503,20097,20819,20277,22192,29302,35460,38235,37373,39131,41899,38748,43154,41863,43483,42372,43921,44002,42660,44082,42660,44082,44082,39840
,Ethiopia,9.145,40.4897,0,0,0,73,159,1683,5001,16816,31041,41431,47598,56506,62674,62121,80196,98823,123146,127653,134949,139666,152099,190208,198763,212413,221512,207575,232027,225257,232849,225645,234281,234674,227160,234732,227160,234732,234732,212016
,Fiji,-17.7134,178.065,0,0,0,0,0,0,1,36,60,62,60,62,62,56,62,60,107,236,3336,11803,16623,20429,20584,21610,23020,22962,25854,25524,26729,25939,26923,27135,26340,27218,26340,27245,27365,24724
,Finland,61.92411,25.748151,0,0,294,5062,9063,9176,9595,9715,9687,10558,11507,16467,20340,20733,25872,27256,29590,29416,30725,31960,32533,36669,40843,49199,57584,61784,84858,104587,132768,142005,154053,166551,174670,194207,209780,238951,260323,246924
French Guiana,France,3.9339,-53.1258,0,0,0,11,31,156,968,1608,1910,2135,2100,2198,2304,2249,2699,2867,3359,3992,5048,6201,7045,8948,9571,10327,10845,10766,12198,11822,12283,11957,12463,12630,12273,12717,12330,12741,12795,11564
French Polynesia,France,-17.6797,149.4068,0,0,0,0,0,0,0,0,72,487,1668,2993,3876,3799,4363,4230,4377,4260,4480,7569,16935,19560,19080,19716,19716,17832,19971,19433,20107,19470,20119,20119,19470,20119,19470,20119,20119,18172
Guadeloupe,France,16.265,-61.551,0,0,20,271,406,420,434,452,840,2920,4204,4723,4834,4476,5215,5715,7459,7877,8502,10663,19725,24701,24638,25639,25881,24641,28624,28177,29299,28496,29735,30223,29592,30704,29794,30885,31085,28262
Martinique,France,14.6415,-61.0242,0,0,18,262,434,420,456,490,559,745,1083,1288,1346,1259,1459,1828,2705,2934,3102,7209,16613,20357,20942,23189,24883,23943,28026,27524,28458,28466,30378,31134,30936,32418,31598,33291,33607,30543
Mayotte,France,-12.8275,45.166244,0,0,1,92,461,862,1142,1214,1202,1336,1405,1613,1781,2215,4255,5008,5292,5203,5394,5417,5279,5614,5550,5735,5774,5236,5797,5610,5797,5610,5797,5797,5610,5797,5610,5797,5800,5236
New Caledonia,France,-20.904305,165.618042,0,0,0,0,0,0,0,0,0,0,0,0,0,0,0,0,0,0,0,0,884,6841,8166,8669,8733,8063,9481,9356,9680,9390,9723,9734,9420,9734,9420,9734,9734,8792
Reunion,France,-21.1151,55.5364,0,0,0,0,12,36,92,164,396,559,949,1285,1352,1340,2440,3946,5191,6464,7891,9446,10660,11477,11330,12211,13821,16270,21273,21881,23730,23915,25452,26330,26452,27776,27009,28048,28310,25764
Saint Barthelemy,France,17.9,-62.8333,0,0,0,0,0,0,0,0,0,0,0,0,0,0,18,30,31,30,31,31,53,162,180,186,186,168,186,180,186,180,186,186,180,186,180,186,186,168
Saint Pierre and Miquelon,France,46.8852,-56.3159,0,0,0,0,0,0,0,0,0,0,0,0,0,0,0,0,0,0,0,0,0,0,0,0,0,28,31,30,31,30,31,31,30,31,30,55,62,56
St Martin,France,18.0708,-63.0501,0,0,1,65,93,90,93,129,191,251,348,372,372,336,372,388,442,694,914,823,894,1609,1680,1740,1848,1746,1953,1890,1953,1890,1953,1953,1890,1953,1890,1953,1953,1764
Wallis and Futuna,France,-14.2938,-178.1165,0,0,0,0,0,0,0,0,0,0,0,0,0,0,31,144,217,210,217,217,210,217,210,217,217,196,217,210,217,210,217,217,210,217,210,217,217,196
,France,46.2276,2.2137,0,19,21283,485875,844118,881641,929406,939500,929534,1035774,1343854,1822284,2165217,2282821,2809958,2986091,3308058,3288197,3425067,3463743,3413571,3562860,3476740,3681285,3863021,3703124,4259851,4227370,4468328,4369710,4567928,4643539,4534134,4725876,4632806,4860163,4952885,4508313
,Gabon,-0.8037,11.6094,0,0,12,45,320,878,1438,1609,1600,1678,1725,1941,2055,2078,3115,3911,4490,4695,5021,5113,5213,6607,7958,8800,9198,8464,9393,9093,9424,9128,9472,9486,9180,9486,9180,9486,9486,8568
,Gambia,13.4432,-15.3101,0,0,9,30,31,41,131,1718,3141,3645,3655,3816,3920,3888,4862,5086,5449,5405,5962,8353,9902,10506,10239,10603,10714,10212,11315,10950,11315,10950,11354,11438,11148,11532,11160,11532,11532,10416
,Georgia,42.3154,43.3569,0,0,0,99,334,408,478,541,649,4257,22454,59506,89577,94071,113354,117780,137988,152378,171781,201791,249705,293511,332119,401318,446331,435479,511581,501988,519835,503584,520768,521677,505553,522938,506415,523674,524201,474522
,Germany,51.165691,10.451526,0,0,2779,104085,238873,263620,281197,286057,281267,303816,386407,742372,1400769,1811350,2281702,2383329,2665823,2698345,2830651,2848744,2784644,2932092,2943351,3311787,3570477,3366534,3908406,3975753,4261283,4200710,4415627,4520929,4460286,4697618,4675759,4947996,5081730,4676121
,Ghana,7.9465,-1.0232,0,0,38,254,820,2018,4478,7284,8725,9609,9647,10201,10980,14647,21331,22914,24264,23716,25060,28701,33135,36095,36033,38722,41711,39904,44770,43350,44795,43390,45096,45211,43770,45248,43817,45291,45310,40936
,Greece,39.0742,21.8243,0,0,305,3052,4958,5574,6078,7107,9706,15446,38340,117878,167609,172138,224129,278093,352667,373612,397788,411505,429209,476234,508570,607064,683765,695367,828331,853143,916194,901489,948080,988337,985831,1033924,1019498,1072565,1078149,973812
,Grenada,12.1165,-61.679,0,0,0,0,0,0,0,0,0,0,0,0,29,28,31,30,31,30,31,32,1599,5708,5986,6200,6312,5963,6722,6571,6889,6928,7222,7272,7087,7347,7110,7366,7378,6664
,Guatemala,15.7835,-90.2308,0,0,16,205,1318,12749,42253,73876,90528,107934,118488,139914,161539,170427,205061,214777,243847,257865,305030,346307,385252,444046,469875,497542,502290,467003,532545,522983,553417,550486,582926,597120,590455,615340,597772,619255,621619,564130
,Guinea,9.9456,-9.6966,0,0,0,84,472,779,1205,1616,1898,2153,2235,2450,2517,2388,3271,4078,4750,4986,5831,8871,10988,11897,11596,12036,12583,12173,13640,13215,13702,13260,13773,13835,13458,14102,13824,14408,14462,13076
,Guinea-Bissau,11.8037,-15.1804,0,0,0,5,133,462,795,959,1149,1256,1280,1374,1395,1298,1669,1982,2090,2060,2225,2911,3842,4311,4337,4617,4700,4539,5222,5112,5301,5130,5307,5395,5250,5447,5280,5456,5456,4928
,Guyana,4.860416,-58.93018,0,0,21,183,315,360,547,815,1769,3310,4184,4879,5262,5203,6552,7943,10578,13015,15667,17954,21063,26660,28826,31825,34158,33540,37966,36815,38118,37319,39196,39530,38401,39711,38463,39846,40047,36313
,Haiti,18.9712,-72.2852,0,0,0,80,592,2118,4229,5783,6527,7145,6960,7254,7422,6918,7770,7579,8821,11375,16017,17996,18056,20400,21523,23597,24236,22742,25654,25039,25885,25098,25965,26032,25564,26567,25794,26660,26660,24080
,Holy See,41.9029,12.4534,0,0,0,0,0,0,0,0,0,0,0,0,0,0,0,0,0,0,0,0,0,0,0,0,0,0,0,0,0,0,0,0,0,0,0,0,0,0
,Honduras,15.2,-86.2419,0,0,20,1107,4322,10175,27439,49288,63714,78864,84449,93250,104033,108741,135977,147440,182802,200484,229720,260943,282020,312251,310611,323033,324319,296346,336008,326658,337784,327076,338472,339663,329705,341299,331240,342800,343891,311010
,Hungary,47.1625,19.5033,0,0,119,4482,13618,16819,18399,18820,20012,35632,95473,229099,346855,384874,543043,733442,898997,897466,930343,931322,903405,942673,971527,1151470,1251171,1195001,1389260,1376027,1437667,1397660,1447836,1457753,1421886,1479018,1443571,1499794,1506311,1364069
,Iceland,64.9631,-19.0208,0,0,27,234,310,300,310,310,300,330,689,864,899,812,899,870,905,900,930,944,990,1023,1026,1116,1309,1537,2607,3287,4206,4590,5549,5617,6390,6603,6570,6909,6961,5888
,India,20.593684,78.96288,0,0,226,14417,94154,331856,812555,1582152,2476764,3481048,3909675,4468751,4714337,4362199,4941266,5389224,8510944,11218965,12806418,13393101,13320243,14031017,13923571,14771359,15105482,14233652,16025257,15663078,16252618,15745361,16297619,16341822,15848784,16395447,15916505,16450708,16452532,14861156
,Indonesia,-0.7893,113.9213,0,0,989,14067,35759,66560,122962,192605,272524,383309,459696,600212,802620,929929,1200707,1296529,1492843,1616313,2268677,3638566,4172942,4428625,4309773,4463167,4469627,4081213,4727915,4673498,4850207,4700028,4862295,4875611,4735609,4908300,4776633,4969883,4982776,4504368
,Iran,32.427908,53.688046,0,171,34200,141323,215665,273942,424660,604984,711109,934034,1253550,1628587,1757574,1652624,1903718,1991952,2376409,2470703,2698205,3062035,3459212,3835010,3848345,4056842,4093728,3758632,4309994,4222147,4378023,4240703,4388486,4434106,4326864,4479936,4338412,4484496,4486444,4054210
,Iraq,33.223191,43.679291,0,0,509,2275,4085,25196,107877,183007,245813,313539,349853,390874,401040,369658,429242,446909,494963,503456,552846,612759,648829,704784,706034,744609,751919,692308,778222,755787,781684,756782,783421,785334,760492,786050,760835,786429,786622,710500
,Ireland,53.1424,-7.6921,0,0,296,16660,46680,51089,54277,54960,53636,57316,59595,66477,82195,109821,140547,144297,152882,148851,155490,156988,155083,165110,167105,180276,186982,177668,205537,207858,223397,222954,234959,240504,236711,247725,243579,255912,260219,240807
,Israel,31.046051,34.851612,0,0,102,4080,8248,9197,13094,23535,37032,66634,82340,94789,124229,150058,186615,189283,198025,192743,199822,208069,223158,247069,244472,254955,259693,269215,321953,318469,334342,326826,345905,356819,349934,363549,354061,370414,375783,342730
,Italy,41.87194,12.56738,0,102,116616,644171,973585,1028841,1084927,1095146,1069880,1137835,1385115,2046224,2531790,2622056,3201000,3472382,3843395,3810571,3962995,3984943,3903526,4077480,3987145,4198388,4385786,4236664,4875569,4845515,5124911,5026822,5269518,5398102,5293055,5520351,5403464,5668964,5762661,5252847
,Jamaica,18.1096,-77.2975,0,0,13,147,277,298,310,467,1664,4931,6934,8638,10025,10614,15582,20931,26730,30332,35318,41115,52125,64315,69744,75522,78907,76888,88430,87720,93219,92771,98152,99972,98668,102920,100767,106611,107598,97812
,Japan,36.204824,138.252924,0,40,892,6828,23077,28222,30626,34929,43822,51647,57759,86300,140778,195704,267606,288494,360633,424210,465567,480989,508813,559287,549864,569665,573164,586007,818317,867919,933433,928877,982718,1114704,1293441,1424467,1439470,1645145,1949516,1984062
,Jordan,31.24,36.51,0,0,15,200,278,270,322,372,860,11016,53755,105737,127430,125439,173615,240547,285535,288561,306353,316956,317285,337031,338430,375984,402133,379113,432126,421602,436040,422030,436170,436956,423466,437782,423660,437782,437782,395416
,Kazakhstan,48.0196,66.9237,0,0,6,441,1029,2975,14017,46271,59620,66698,70383,80870,90671,90339,133298,187162,217427,226660,259331,346850,446945,514660,525410,559926,568185,525336,588743,570386,589449,570506,589606,589983,571374,590606,571583,590727,590940,533870
,Kenya,-0.0236,37.9062,0,0,6,297,1314,3215,6907,14879,19093,25594,37680,49512,53433,50515,61069,73188,92363,102573,117021,134940,148307,161600,159516,165865,170213,157532,174988,169459,175139,169535,175649,175858,170247,176018,170436,176260,176328,159264
,Kiribati,-3.3704,-168.734,0,0,0,0,0,0,0,0,0,0,0,0,0,0,0,0,0,0,0,0,0,0,0,0,0,156,390,390,403,390,403,403,390,403,390,403,503,504
,"Korea, North",40.3399,127.5101,0,0,0,0,0,0,0,0,0,0,0,0,0,0,0,0,0,0,0,0,0,0,0,0,0,0,0,0,108,180,186,186,180,186,180,186,186,168
,"Korea, South",35.907757,127.766922,0,83,2606,6533,8104,8337,9057,9557,11080,13711,14883,20701,37988,42682,52018,53623,58967,59791,63723,67696,71691,82667,95864,142944,195585,203869,367524,615078,734885,732180,767679,801285,831999,894233,895775,972542,1021745,945830
,Kosovo,42.602636,20.902977,0,0,9,316,863,1048,3840,12213,17798,20183,25086,37321,43681,43286,53360,60903,68686,67633,70284,71935,84247,92090,89406,92614,92904,86098,96881,94128,97299,94183,97686,98717,95964,99220,96060,99262,99265,89757
,Kuwait,29.31166,47.481766,0,0,0,234,3288,8890,12450,15391,17095,21447,25156,28275,29369,28292,36957,43200,52241,55499,67427,73997,73050,76151,73895,76455,76843,70588,79046,76644,79205,76650,79262,79418,76890,79506,77069,79670,79670,71960
,Kyrgyzstan,41.20438,74.766098,0,0,0,154,407,973,18863,40932,31862,34164,36229,40881,42888,40367,45987,46321,52859,57170,66891,75767,77299,81657,81263,86084,87867,81961,92219,89727,92721,89730,92721,92721,89730,92721,89730,92721,92721,83748
,Laos,19.85627,102.495496,0,0,0,0,0,0,0,0,0,0,0,0,0,0,0,0,45,90,129,295,478,1222,3344,8207,14823,16611,19945,21332,23322,22701,23467,23467,22722,23498,22740,23498,23498,21224
,Latvia,56.8796,24.6032,0,0,0,185,613,835,950,1011,1063,1459,3952,12220,29302,40498,55047,60787,70175,73814,78784,79501,79002,90450,113243,136581,146539,141431,169261,171156,179853,175286,182119,183429,179009,186863,182301,189840,192005,174967
,Lebanon,33.8547,35.8623,0,0,110,616,799,934,1288,3232,7897,15603,24721,38478,61672,111944,170411,204486,234718,234036,244302,247426,246109,260929,258185,276181,290797,276244,316731,310600,322686,313434,325238,328035,319620,331436,321682,333001,333728,302642
,Lesotho,-29.61,28.2336,0,0,0,0,0,0,149,814,987,1294,1320,1451,3184,6692,9591,9462,9962,9817,10686,12188,12090,20240,19813,20592,21233,19472,21605,20910,21621,20969,21732,21810,21150,21886,21180,21886,22379,20244
,Liberia,6.428055,-9.429499,0,0,0,190,676,953,1757,2491,2460,2542,2465,2573,2592,2363,2635,2550,2641,2908,4417,7057,7887,8877,8610,8897,8921,8124,9114,8820,9114,8820,9114,9114,8820,9114,8820,9114,9114,8232
,Libya,26.3351,17.228331,0,0,0,38,102,316,1446,4835,11739,21710,30616,41136,51651,57012,75155,86003,95699,94932,102235,121320,134030,151188,159205,173001,181551,172007,196914,192791,199330,192900,199344,199474,193110,199547,193110,199547,199547,180236
,Liechtenstein,47.14,9.55,0,0,0,27,31,30,31,31,30,34,243,815,1558,1521,1732,1680,1765,1731,1798,1798,1740,1844,1830,2065,2231,2100,2499,2523,2604,2542,2642,2666,2580,2671,2610,2723,2740,2492
,Lithuania,55.1694,23.8813,0,0,26,574,1304,1763,1935,2025,2141,3179,10086,36264,74192,86001,106168,112397,127513,130414,136438,138333,142677,168121,191140,219578,237349,228375,269065,270212,283034,274726,284863,286587,279097,290146,282372,293025,294985,267802
,Luxembourg,49.8153,6.1296,0,0,162,1943,3228,3300,3446,3780,3720,4203,6941,12816,16872,17094,21542,23280,25003,24539,25418,25649,25003,26010,25731,27793,28963,27277,31332,31555,33249,32533,34167,34681,33761,35252,34585,36328,37183,33967
,MS Zaandam,0,0,0,0,0,60,62,60,62,62,60,62,60,62,62,56,62,60,62,60,62,62,60,62,60,62,62,56,62,60,62,60,62,62,60,62,60,62,62,56
,Madagascar,-18.766947,46.869107,0,0,0,0,39,356,1707,4977,6432,7379,7460,7994,8371,8101,10426,15973,23481,26571,28914,29473,28728,29768,28943,30726,35734,37138,42678,41692,43175,41899,43523,43691,42300,43719,42332,43842,43964,39776
,Malawi,-13.2543,34.3015,0,0,0,53,101,223,1690,4808,5325,5622,5542,5786,11034,25965,33679,34046,35730,35012,41833,60763,67368,71056,69088,71849,76504,72596,81301,78902,81733,79294,82256,82867,80381,83156,81798,83235,83250,75208
,Malaysia,4.210484,101.975766,0,0,300,2434,3459,3582,3797,3880,3911,5898,9384,12995,18717,27069,37642,41057,61917,122330,213797,395138,657687,861612,891978,961174,985149,902820,1054535,1060813,1104108,1071664,1111596,1119221,1089094,1129083,1097052,1140369,1144131,1034638
,Maldives,3.2028,73.2207,0,0,0,2,108,235,422,710,959,1105,1279,1478,1533,1603,2004,2068,3341,5893,6695,6911,6846,7349,7403,7995,8277,8068,9211,8940,9240,9001,9504,9520,9240,9548,9298,9641,9641,8708
,Mali,17.570692,-3.996166,0,0,5,382,1544,3041,3753,3875,3846,4104,4254,6461,9506,9577,11345,12899,15702,15667,16396,16597,16325,17232,17612,19719,21381,20093,22504,21888,22734,22074,22855,22909,22193,23002,22260,23022,23033,20804
,Malta,35.9375,14.3754,0,0,0,71,181,270,279,294,590,1426,2914,5572,7450,8202,11033,12166,12933,12583,13036,13380,13514,14238,13902,14609,15784,16369,19185,20130,22110,21894,23877,24726,24095,25008,24248,25138,25477,23124
,Marshall Islands,7.1315,171.1845,0,0,0,0,0,0,0,0,0,0,0,0,0,0,0,0,0,0,0,0,0,0,0,0,0,0,0,0,0,0,0,233,510,527,510,527,527,476
,Mauritania,21.0079,-10.9408,0,0,2,30,182,2572,4560,4882,4821,5044,5017,7814,12270,12060,13784,13560,14193,14299,15853,19939,22654,24403,24362,26401,28138,27210,30406,29460,30442,29461,30609,30753,29808,30869,29910,30907,30907,27916
,Mauritius,-20.348404,57.552152,0,0,15,248,310,300,310,310,300,310,300,310,310,280,310,422,527,540,574,711,1576,4040,9452,21990,24618,24043,28956,29567,30862,29971,31240,31564,30719,31919,30992,32166,32303,29227
,Mexico,23.6345,-102.5528,0,0,136,19390,165485,562682,1164238,1749213,2150492,2649132,2962546,3594393,4367196,4863060,6056567,6318085,6830938,6915108,7326021,7738176,8084319,8795166,8738796,9209812,9359085,8764934,9957814,9714739,10061455,9758809,10122833,10190658,9894816,10238148,9913438,10254491,10280244,9314870
,Micronesia,7.4256,150.5508,0,0,0,0,0,0,0,0,0,0,0,0,0,0,0,0,0,0,0,0,0,0,0,0,0,0,0,0,0,0,22,573,874,1546,1701,1798,1798,1662
,Moldova,47.4116,28.3699,0,0,21,1591,6349,12597,20699,27746,34847,48006,61162,82166,100286,102859,136836,164340,186122,184740,192895,196068,196950,224408,255958,293131,324078,307026,351932,344194,357005,346628,359113,361972,353982,367976,357127,369652,370224,334957
,Monaco,43.7333,7.4167,0,0,3,70,124,120,124,124,39,62,74,93,214,577,831,922,992,990,1023,1023,990,1083,1080,1138,1351,1389,1631,1665,1767,1712,1860,1891,1880,1967,1950,2015,2015,1865
,Mongolia,46.8625,103.8467,0,0,0,0,0,0,0,0,0,0,0,14,41,56,132,1425,5897,11081,19259,24035,30073,45045,54408,60877,62325,57998,65263,63244,65487,63476,65683,65824,63900,66061,63969,66194,66216,59808
,Montenegro,42.708678,19.37439,0,0,10,122,269,277,888,2322,3891,7083,11871,18579,23035,25218,35649,42052,48170,48024,50277,51508,54814,62621,66321,73279,76885,73820,83484,81273,84264,81675,84743,85617,83369,86288,83644,86499,86605,78381
,Morocco,31.7917,-7.0926,0,0,192,3613,5918,6388,8419,21708,50282,89160,144814,208724,244897,237355,270780,267865,281899,276652,293362,346153,409904,450064,442222,459034,466186,441694,497228,481894,498255,482634,501524,504191,488288,504655,488483,505008,505160,456288
,Mozambique,-18.665695,35.529562,0,0,0,0,11,104,290,569,1175,2356,3378,4518,7668,14789,22451,23889,25623,25447,34282,52885,56882,59662,58081,60598,65567,61244,68140,66013,68249,66240,68641,68757,66646,68924,66724,69072,69184,62661
,Namibia,-22.9576,18.4904,0,0,0,0,0,0,109,1118,3123,4015,4192,5264,8719,10897,14635,17649,22524,33026,71375,101114,103493,109589,106968,111208,118256,111782,124460,120660,124931,121514,126095,126273,122337,126480,122400,126492,126567,114496
,Nauru,-0.5228,166.9315,0,0,0,0,0,0,0,0,0,0,0,0,0,0,0,0,0,0,0,0,0,0,0,0,0,0,0,0,0,0,30,31,30,31,30,31,31,28
,Nepal,28.1667,84.25,0,0,0,0,58,569,1239,3653,11138,22114,36885,53289,60548,60803,92575,92807,159072,253383,294600,320096,329353,349707,344355,358495,360693,332558,370415,358530,370509,358560,370598,371560,360402,372566,360570,372589,372614,336560
Aruba,Netherlands,12.5211,-69.9683,0,0,0,31,87,90,93,161,599,1036,1284,1447,1645,1886,2463,2792,3223,3210,3351,3763,4703,5260,5176,5522,5767,5613,6569,6419,6591,6540,6927,7019,6840,7168,7033,8416,8700,7888
"Bonaire, Sint Eustatius and Saba",Netherlands,12.1784,-68.2385,0,0,0,0,0,0,0,0,15,72,90,93,93,84,93,114,521,510,527,527,528,599,622,689,785,853,961,1009,1077,1081,1147,1155,1140,1178,1140,1189,1263,1148
Curacao,Netherlands,12.1696,-68.99,0,0,13,30,31,30,31,31,30,31,72,325,585,608,758,2368,3661,3719,3906,4188,4648,5268,5277,5678,6381,7110,8211,8115,8540,8326,8686,8803,8610,8943,8810,9224,9297,8428
Sint Maarten,Netherlands,18.0425,-63.0548,0,0,0,258,453,450,465,519,598,682,715,807,837,756,837,810,845,933,1048,1253,1782,2214,2250,2325,2365,2328,2645,2580,2666,2580,2697,2697,2610,2705,2670,2759,2759,2548
,Netherlands,52.1326,5.2913,0,0,5824,94541,172661,181689,190218,191568,188456,210025,254554,319523,398334,415593,499524,505796,540315,531285,551154,555414,542828,566090,565034,628000,655359,599760,674223,664229,691085,670231,695359,699187,678680,704624,686299,711339,712690,643720
Cook Islands,New Zealand,-21.2367,-159.7777,0,0,0,0,0,0,0,0,0,0,0,0,0,0,0,0,0,0,0,0,0,0,0,0,0,0,0,6,31,30,31,31,30,31,30,31,47,56
Niue,New Zealand,-19.0544,-169.8672,0,0,0,0,0,0,0,0,0,0,0,0,0,0,0,0,0,0,0,0,0,0,0,0,0,0,0,0,0,0,0,0,0,0,0,0,0,0
,New Zealand,-40.9006,174.886,0,0,3,342,679,690,713,717,768,806,780,806,828,778,868,840,868,840,868,871,870,929,1065,1355,1573,1611,6242,15944,24253,29964,41275,54753,58950,63983,64563,70327,74803,70352
,Nicaragua,12.865416,-85.207229,0,0,4,46,376,1704,2998,3974,4355,4764,4746,5040,5177,4794,5438,5394,5708,5655,5979,6115,6050,6386,6310,6657,6773,6226,7040,6958,7323,7211,7547,7564,7331,7595,7350,7595,7595,6860
,Niger,17.607789,8.081666,0,0,11,511,1596,1982,2124,2139,2070,2139,2089,2645,4235,4711,5607,5685,5949,5774,6022,6089,6005,6380,7048,8341,8939,8500,9538,9250,9599,9300,9631,9656,9372,9730,9420,9734,9761,8820
,Nigeria,9.082,8.6753,0,0,11,574,5475,13324,23530,30017,32466,34800,34864,37619,44269,49274,62207,61812,64098,63492,65973,69677,78586,86970,88441,92763,96050,87925,97402,94277,97433,94331,97499,97566,94596,97805,94650,97805,97805,88340
,North Macedonia,41.6086,21.7453,0,0,40,1283,3164,6176,12485,16907,20038,26064,40405,67591,83407,83970,105174,130729,161097,164028,170125,174299,190219,214485,220674,241152,252255,245486,283503,277692,288038,279516,289641,292266,285466,296111,286970,297518,298422,270182
,Norway,60.472,8.4689,0,0,234,4258,7048,7290,7854,8063,8001,8601,8983,12179,15756,16705,19951,21206,23980,23667,24697,25058,25105,27347,29248,36758,42863,42725,61767,82565,94844,97058,108432,118593,121007,128910,129085,141128,153292,144347
,Oman,21.512583,55.923255,0,0,1,164,774,3322,9199,17484,24157,33509,40180,45626,46892,43254,50127,55194,67753,78809,108177,123486,122609,127238,123381,127515,127834,117762,131730,127663,132039,133320,143468,143468,138840,143468,138840,143468,143468,129584
,Pakistan,30.3753,69.3451,0,0,154,4893,28177,88853,166284,190801,191953,205956,220356,282857,340044,345787,423884,483568,607790,652950,706360,762265,809054,874887,858471,894389,900686,835056,939614,910936,941640,911505,943687,946661,918047,949211,918872,949671,949815,857940
,Palau,7.515,134.5825,0,0,0,0,0,0,0,0,0,0,0,0,0,0,0,0,0,0,0,0,0,0,0,0,0,83,186,180,186,180,186,186,180,204,210,255,279,252
,Panama,8.538,-80.7821,0,0,136,3087,8266,14003,31805,54469,65935,78854,86505,108008,146057,157230,186048,185333,195370,193616,207126,215702,214495,225774,220300,229235,233720,222490,252349,245332,254590,249336,260081,261713,254564,263635,255426,264893,266134,240793
,Papua New Guinea,-6.314993,143.95555,0,0,0,0,0,0,7,104,179,217,210,249,279,274,892,2465,4303,5030,5668,5952,6183,8913,13764,17934,18426,17279,19810,19397,20177,19726,20526,20567,19928,20708,20040,20728,20740,18760
,Paraguay,-23.4425,-58.4438,0,0,29,210,329,372,919,4682,17590,35757,47568,62415,77326,82683,111906,155976,239992,332453,438095,478778,482465,502769,489633,512668,521935,502584,575240,562779,585259,568042,591270,600406,586266,607473,588304,609221,612220,555631
,Peru,-9.19,-75.0152,0,0,870,50648,388541,894208,1458928,2035558,2357120,2621955,2641831,2826975,3017939,3167553,4125135,4662915,5473329,5665975,6037147,6120671,5966248,6194823,6020950,6261371,6316726,5837201,6560056,6377503,6604033,6400760,6628883,6667375,6486583,6721370,6516344,6752307,6774712,6139805
,Philippines,12.879721,121.774017,0,28,669,10091,24374,33051,50594,82571,136916,200958,235252,273745,305617,324542,396865,462083,593586,689890,817272,947164,1077433,1257748,1378039,1561266,1636998,1545220,1793324,1796139,1873822,1814330,1880119,1896347,1873521,1969051,1932217,2015418,2033583,1847070
,Poland,51.9194,19.1451,0,0,213,9321,27459,38238,49588,58280,67449,111723,328283,731780,1021601,1140187,1487529,1817472,2210036,2237645,2330636,2334398,2264120,2361067,2391227,2798438,3156517,3039058,3524065,3472186,3602367,3491477,3610921,3621194,3519640,3654532,3547018,3670893,3677930,3326418
,Portugal,39.3999,-8.2245,0,0,792,18022,37567,45356,51775,55081,56608,67536,103714,178905,281499,421699,516947,507843,527125,511680,533398,544552,536358,560451,548484,580237,600102,576012,661941,659911,701974,710545,756448,767008,748316,778870,760614,794440,801994,730306
,Qatar,25.3548,51.1839,0,0,5,215,576,2366,4642,5852,6226,6912,7030,7488,7647,7112,8389,11024,16226,17333,18538,18636,18115,18839,18330,19014,19465,18424,20916,20310,20987,20330,21073,21111,20452,21170,20526,21235,21247,19208
,Romania,45.9432,24.9668,0,0,314,11630,32626,43273,61343,92640,127808,179557,272640,426462,531027,543576,675852,776365,912082,958788,1059684,1065823,1063049,1296342,1594760,1794588,1838550,1730703,1997727,1958864,2033864,1971404,2040549,2057882,2006686,2080704,2017133,2086928,2091924,1893896
,Russia,61.52401,105.318756,0,0,54,10123,82313,215268,366477,484136,565674,738104,1000094,1490416,1990841,2207943,2830301,3087531,3533038,3770463,4480479,5218839,5761069,6778554,7574740,8918838,9751329,9371526,10992228,10962330,11472875,11175828,11596813,11641343,11340095,11810858,11498184,11934215,11981175,10854625
,Rwanda,-1.9403,29.8739,0,0,0,0,2,59,128,298,702,1002,1274,1895,4440,6594,8772,9630,10669,11460,19419,29873,35656,40598,40123,41691,43476,40640,45220,43770,45229,43771,45365,45446,43980,45475,44010,45477,45506,41104
,Saint Kitts and Nevis,17.357822,-62.782998,0,0,0,0,0,0,0,0,0,0,0,0,0,0,0,0,0,33,93,93,237,598,805,868,898,1117,1304,1290,1333,1290,1387,1426,1380,1426,1380,1426,1426,1289
,Saint Lucia,13.9094,-60.9789,0,0,0,0,0,0,0,0,0,0,41,119,247,683,1581,1998,2351,2435,2684,2957,4402,7203,8111,8935,9726,9750,11278,10990,11433,11254,11927,12024,11764,12508,12230,12674,12679,11452
,Saint Vincent and the Grenadines,12.9843,-61.2872,0,0,0,0,0,0,0,0,0,0,0,0,30,145,274,304,367,360,372,372,428,1460,2145,2408,2707,2853,3286,3180,3287,3282,3547,3565,3469,3596,3480,3623,3765,3444
,Samoa,-13.759,-172.1046,0,0,0,0,0,0,0,0,0,0,0,0,0,0,0,0,0,0,0,0,0,0,0,0,0,0,0,280,718,836,899,899,870,899,870,899,899,812
,San Marino,43.9424,12.4578,0,1,322,1085,1279,1260,1302,1302,1260,1302,1283,1621,1983,1986,2430,2601,2790,2700,2790,2790,2704,2828,2772,2958,3248,3093,3476,3417,3565,3450,3607,3658,3540,3669,3570,3714,3766,3416
,Sao Tome and Principe,0.1864,6.6131,0,0,0,0,213,367,429,465,450,468,491,527,527,579,1011,1048,1105,1118,1147,1147,1276,1718,1680,1760,2016,1992,2245,2190,2263,2190,2291,2348,2291,2387,2310,2387,2387,2156
,Saudi Arabia,23.885942,45.079162,0,0,39,2487,9632,31522,72783,105502,130519,158905,169969,188279,195758,180168,203992,204136,222026,228097,249301,260119,258857,271492,264482,274603,276116,251230,279704,271985,282662,275364,286103,287439,279757,290809,283124,294273,295930,268676
,Senegal,14.4974,-14.4524,0,0,0,118,773,2115,4978,7738,8939,9831,9850,11170,15924,21045,30191,32541,34869,34631,38102,49332,54948,57980,56462,58505,59288,54785,60879,58963,60947,59022,61008,61008,59040,61008,59040,61008,61014,55188
,Serbia,44.0165,21.0059,0,0,71,3059,6909,7697,13387,20614,22042,24042,32566,76445,114497,118697,149231,176559,206424,209135,219533,222710,230822,281340,326841,380705,406267,405958,483613,477315,497482,483161,501614,510799,505722,531137,519641,541190,546032,497173
,Seychelles,-4.6796,55.492,0,0,0,0,0,0,0,0,0,0,0,0,52,226,474,727,1014,1424,2184,2954,3198,3641,3666,4024,4323,4417,5057,4935,5167,5010,5191,5210,5070,5261,5130,5319,5332,4816
,Sierra Leone,8.460555,-11.779889,0,0,0,28,869,1565,1991,2129,2153,2259,2220,2324,2387,2212,2449,2370,2449,2525,3508,3744,3630,3751,3630,3769,3859,3500,3875,3750,3875,3750,3875,3895,3780,3906,3780,3906,3906,3528
,Singapore,1.2833,103.8333,0,0,25,282,655,763,824,837,810,857,843,899,899,812,918,900,975,1028,1124,1419,1929,7226,17645,24676,26108,25721,36052,39275,42295,42017,45033,48416,48155,51048,50858,52960,53225,48216
,Slovakia,48.669,19.699,0,0,4,260,832,840,869,975,1172,3123,15661,42931,106072,165803,266399,325476,376330,373570,388266,388883,377169,397437,409421,485920,535993,507829,588373,590180,620806,603700,625465,627303,610574,636139,620470,644076,647296,587606
,Slovenia,46.1512,14.9955,0,0,83,1746,3191,3276,3500,3985,4172,6214,25265,66877,97524,103734,122325,124415,133985,132112,137157,137537,134754,143964,149141,168657,177194,171016,198908,196493,205242,199352,206760,209144,204019,212502,207252,216002,218142,197822
,Solomon Islands,-9.6457,160.1562,0,0,0,0,0,0,0,0,0,0,0,0,0,0,0,0,0,0,0,0,0,0,0,0,33,1676,3806,4145,4496,4526,4743,4743,4590,4743,4590,4743,4743,4284
,Somalia,5.152149,46.199616,0,0,0,246,1679,2587,2866,2905,2938,3117,3263,3824,4030,4714,11884,19215,23318,23217,24310,27569,31453,36397,39006,41297,41377,37584,42099,40830,42191,40830,42191,42191,40830,42191,40830,42191,42191,38108
,South Africa,-30.5595,22.9375,0,0,12,1363,9779,48178,153218,359769,468375,563441,612357,751659,1135024,1337841,1598845,1608164,1714880,1747885,2056781,2400896,2561800,2744594,2685302,2801211,2891291,2728222,3092865,3005429,3124069,3046249,3159048,3162846,3064278,3169303,3071404,3178754,3179897,2872660
,South Sudan,6.877,31.307,0,0,0,0,116,780,1294,1454,1459,1680,1786,1923,1966,2149,3227,3411,3565,3455,3635,3718,3675,4066,3990,4141,4225,3836,4269,4140,4278,4140,4278,4278,4140,4278,4140,4278,4278,3864
,Spain,40.463667,-3.74922,0,0,54579,548160,834880,828405,880773,889890,907525,1046133,1232707,1497045,1671602,1817907,2253421,2304772,2457179,2415566,2514636,2566714,2567702,2695412,2631569,2748437,2823852,2707346,3142881,3100320,3269919,3218719,3389468,3463903,3403852,3553416,3464364,3612700,3651448,3331886
,Sri Lanka,7.873054,80.771797,0,0,6,193,279,330,341,351,377,444,1894,5033,7976,11222,16404,18400,31211,69031,115491,200713,345590,416320,420956,455358,471611,443679,508294,494821,511837,495581,512497,515543,502099,519887,503677,521145,521499,471207
,Sudan,12.8628,30.2176,0,0,21,282,3524,13743,20766,24645,25004,25924,32767,42822,49199,51894,60766,65783,76830,81673,85844,86960,85950,93194,93166,100672,104605,105521,145610,147656,153034,148453,153581,153762,148830,153909,149435,154763,154931,140272
,Summer Olympics 2020,35.6491,139.7737,0,0,0,0,0,0,0,0,0,0,0,0,0,0,0,0,0,0,0,0,0,0,0,0,0,0,0,0,0,0,0,0,0,0,0,0,0,0
,Suriname,3.9193,-56.0278,0,0,0,28,31,167,597,1430,2785,3352,3436,3654,4340,4623,5450,5603,7360,12653,18528,21223,23743,31130,34055,36582,37805,36367,40962,39779,41421,40669,42680,42821,41525,42977,41761,43183,43338,39198
,Sweden,60.128161,18.643501,0,0,2164,40030,110620,147740,172871,179378,175654,183290,187539,239282,315602,347461,408718,412253,442639,437067,453986,454630,442653,463370,452824,471919,482102,464929,554064,557106,585620,571718,595348,607245,601766,633338,626322,662945,701631,659766
,Switzerland,46.8182,8.2275,0,0,3176,36463,54571,54083,56307,56973,56344,62690,111659,202347,273630,275223,314914,312954,330027,322540,334153,335654,329614,345883,340723,367944,386895,362386,413393,409241,426847,414473,429661,432217,419730,435009,423077,438820,440850,397938
,Syria,34.802075,38.996815,0,0,5,72,104,202,754,2193,4803,7486,10500,17320,25494,27369,35058,42858,52481,54770,58908,60477,63428,74672,80005,87723,91352,84931,96591,94435,97650,94500,97650,97884,94890,98053,94890,98053,98072,88592
,Taiwan*,23.7,121,0,14,49,171,207,210,217,217,210,217,210,217,219,249,305,327,881,13275,23219,25341,25177,26215,25432,26318,26369,23846,26443,25655,38944,138114,247770,293648,313962,369438,410118,459513,490815,481195
,Tajikistan,38.861,71.2761,0,0,0,0,919,1496,1731,1985,2161,2463,2536,2733,2820,2548,2821,2730,2821,2730,3374,3848,3750,3875,3750,3875,3875,3500,3875,3750,3875,3750,3875,3875,3750,3875,3750,3875,3875,3500
,Tanzania,-6.369028,34.888822,0,0,1,171,616,630,651,651,630,651,630,651,651,588,651,630,651,630,651,1289,1500,22424,21802,22735,23293,22222,24784,24057,25707,25209,26071,26071,25334,26195,25350,26195,26216,23688
,Thailand,15.870032,100.992541,0,0,75,1184,1731,1739,1798,1798,1753,1829,1795,1863,2193,2270,2748,3446,18755,45748,100177,248619,439733,561695,602717,659679,679858,630113,743172,803251,912615,911540,961044,988898,977888,1018504,991461,1035972,1046719,948939
,Timor-Leste,-8.874217,125.727539,0,0,0,0,0,0,0,0,0,0,0,0,0,0,0,52,279,561,787,1218,2923,3709,3660,3782,3782,3473,4009,3900,4049,3979,4123,4188,4140,4278,4140,4278,4278,3864
,Togo,8.6195,0.8248,0,0,5,133,346,397,487,776,1165,1577,1824,2054,2264,2257,3031,3524,3860,3800,4283,5183,6279,7374,7288,7575,8063,7570,8432,8175,8463,8204,8554,8717,8516,8914,8700,8990,8990,8120
,Tonga,-21.179,-175.1982,0,0,0,0,0,0,0,0,0,0,0,0,0,0,0,0,0,0,0,0,0,0,0,0,0,3,48,305,343,360,372,372,360,372,360,372,392,364
,Trinidad and Tobago,10.6918,-61.2225,0,0,16,229,248,240,248,363,1606,2927,3393,3820,4049,3840,4347,4554,9391,20568,30188,36837,41800,49308,56894,77960,98446,98793,114532,113804,120138,119086,125039,126793,125409,131202,127821,132462,133390,121325
,Tunisia,33.886917,9.537499,0,0,64,940,1414,1482,1550,1856,4155,19777,70287,123765,175607,210252,261249,289717,366080,412119,533112,677421,729030,777472,759438,789292,800906,759741,869819,854311,886483,859709,894544,904227,877255,906901,877928,907500,908037,820955
,Turkey,38.9637,35.2433,0,0,976,49592,124363,145450,168344,185746,217574,285171,352112,534205,735748,768761,923917,1063823,1380308,1464988,1565182,1662273,1820363,2090756,2216146,2474064,2629837,2547811,2996824,2954997,3065622,2969686,3072904,3100265,3029310,3136757,3036090,3137293,3146252,2841776
,Tuvalu,-7.1095,177.6493,0,0,0,0,0,0,0,0,0,0,0,0,0,0,0,0,0,0,0,0,0,0,0,0,0,0,0,0,0,0,0,0,0,0,0,0,0,0
,US,40,-100,0,1,26042,1085176,2809969,3571217,4324046,5253616,5855800,6756744,7481135,9648165,12376076,13545459,16528179,16837456,18038841,17891333,18747853,19258037,20001910,22410552,22913727,24919330,26518081,25876505,30065598,29712587,31070025,30380838,31740506,32190774,31580749,33023414,32273763,33692692,34130808,31239406
,Uganda,1.373333,32.290275,0,0,0,0,0,0,15,467,1679,2919,4626,7046,9420,9233,10360,10151,10853,17355,67412,89117,93060,98718,97188,101354,105790,100042,111397,107897,111559,108303,112394,112468,108862,112530,108900,112530,112530,101640
,Ukraine,48.3794,31.1656,0,0,89,3623,15181,27975,45117,65862,101902,174947,302110,503232,670535,719876,947071,1214256,1541696,1615554,1708397,1743249,1746694,2015679,2470847,3027164,3245896,3081918,3540022,3454962,3578387,3480523,3608896,3612253,3502733,3639216,3546202,3676349,3684433,3334703
,United Arab Emirates,23.424076,53.847818,0,0,32,1170,6431,8767,10381,11311,12007,14167,16032,19321,23109,28821,43205,46329,50602,52208,58454,62026,62062,65702,64275,66734,68095,63899,71356,69060,71370,69229,72114,72511,70270,72750,70440,72788,72788,65755
Anguilla,United Kingdom,18.2206,-63.0686,0,0,0,0,0,0,0,0,0,0,0,0,0,0,0,0,0,0,0,0,10,31,76,131,203,246,279,270,279,270,288,313,356,372,360,372,372,336
Bermuda,United Kingdom,32.3078,-64.7505,0,0,0,117,255,270,279,279,270,279,270,285,361,336,372,542,965,990,1023,1024,1259,2847,3174,3294,3461,3378,3877,3900,4196,4144,4383,4580,4440,4588,4499,4715,4820,4445
British Virgin Islands,United Kingdom,18.4207,-64.64,0,0,0,12,31,30,31,31,30,31,30,31,31,28,31,30,31,30,402,1105,1110,1147,1132,1197,1363,1629,1922,1860,1922,1882,1953,1955,1920,1984,1920,1984,1984,1792
Cayman Islands,United Kingdom,19.3133,-81.2546,0,0,16,30,31,30,31,31,30,31,45,62,62,56,62,60,62,60,62,62,60,62,87,285,429,457,645,779,859,840,899,899,905,1046,1069,1127,1147,1036
Channel Islands,United Kingdom,49.3723,-2.3644,0,0,0,0,0,0,0,0,0,0,0,0,0,0,0,0,0,0,0,0,0,0,0,0,0,0,0,0,0,0,0,0,0,0,0,0,0,0
Falkland Islands (Malvinas),United Kingdom,-51.7963,-59.5236,0,0,0,0,0,0,0,0,0,0,0,0,0,0,0,0,0,0,0,0,0,0,0,0,0,0,0,0,0,0,0,0,0,0,0,0,0,0
Gibraltar,United Kingdom,36.1408,-5.3536,0,0,0,0,0,0,0,0,0,0,63,174,1174,2400,2902,2820,2914,2820,2914,2963,2910,3024,2940,3093,3101,2828,3131,3038,3162,3076,3249,3297,3240,3348,3280,3410,3436,3108
Guernsey,United Kingdom,49.448196,-2.58949,0,0,2,311,496,480,496,496,480,496,480,496,496,463,527,510,527,510,527,556,580,666,690,716,886,865,961,1186,1424,1412,1582,1892,1863,1959,1942,2040,2050,1848
Isle of Man,United Kingdom,54.2361,-4.5481,0,0,0,228,727,720,744,744,720,744,742,775,775,700,809,870,899,870,899,1097,1244,1707,1896,2075,2145,2142,2511,2711,3237,3220,3427,3557,3480,3596,3480,3596,3596,3248
Jersey,United Kingdom,49.2138,-2.1358,0,0,7,265,820,907,961,974,960,992,960,1080,1778,1888,2139,2070,2139,2070,2139,2286,2333,2452,2400,2636,2877,2992,3594,3655,3956,3892,4070,4183,4114,4355,4243,4452,4726,4500
Montserrat,United Kingdom,16.742498,-62.187366,0,0,0,7,31,30,31,31,30,31,30,31,31,28,31,30,31,30,31,31,30,31,30,31,31,49,65,60,101,236,248,248,240,248,240,248,248,224
Pitcairn Islands,United Kingdom,-24.3768,-128.3242,0,0,0,0,0,0,0,0,0,0,0,0,0,0,0,0,0,0,0,0,0,0,0,0,0,0,0,0,0,0,0,0,0,0,0,0,0,0
"Saint Helena, Ascension and Tristan da Cunha",United Kingdom,-7.9467,-14.3559,0,0,4,0,0,0,0,0,0,0,0,0,0,0,0,0,0,0,0,0,0,0,0,0,0,0,0,0,0,0,0,0,0,0,0,0,0,0
Turks and Caicos Islands,United Kingdom,21.694,-71.7979,0,0,0,26,31,31,62,69,150,186,180,186,207,331,481,510,527,533,558,588,634,713,696,784,932,988,1116,1080,1116,1080,1116,1116,1080,1116,1080,1116,1144,1064
,United Kingdom,55.3781,-3.436,2,65,27870,706467,1467185,1642713,1763466,1787447,1747050,1885885,2124363,2656534,3504655,3975828,4686130,4601075,4775589,4633611,4819829,4902365,4865635,5159045,5138275,5437679,5606375,5216577,5891679,5859275,6163295,6008854,6291093,6389621,6234299,6512949,6379238,6654013,6759728,6155637
,Uruguay,-32.5228,-55.7658,0,0,4,280,606,726,980,1224,1371,1597,2002,3475,9552,14997,23342,52940,108008,151570,181118,186110,181314,188079,183119,190643,194271,189818,220146,215631,223699,218538,228541,230262,223935,232629,225814,234007,235258,213212
,Uzbekistan,41.377491,64.585262,0,0,9,144,363,564,2390,7209,12027,16115,17824,18969,19164,17406,19312,19114,20783,21334,24637,30437,35052,39787,40848,44919,47063,44918,50746,49110,50747,49110,50747,50747,49110,50747,49110,50747,50747,45836
,Vanuatu,-15.3767,166.9592,0,0,0,0,0,0,0,0,0,0,0,0,0,0,0,10,31,30,31,31,30,31,30,31,31,28,33,213,431,420,434,434,420,434,420,434,434,392
,Venezuela,6.4238,-66.5897,0,0,11,266,325,880,3248,8614,15250,22387,25533,29981,34183,35772,45211,55989,74406,86352,104131,118193,127366,145522,150996,162952,166829,155443,175516,170949,177115,171742,178161,179165,174251,180385,174739,180722,180961,163815
,Vietnam,14.058324,108.277199,0,0,0,0,0,0,3,637,1048,1085,1050,1085,1085,980,1085,1050,1206,1872,10060,192815,479788,650589,701736,894433,1099514,1093447,1287944,1286221,1335030,1292483,1335801,1336152,1294045,1337850,1295028,1338586,1338766,1209208
,West Bank and Gaza,31.9522,35.2332,0,0,6,51,71,99,1465,3524,6972,12450,17527,32756,51826,54177,72142,88650,105644,106119,111171,112568,116264,139571,142476,150521,155295,148047,173924,169681,175406,169800,175627,176436,171186,176925,171240,176948,176948,159824
,Winter Olympics 2022,39.9042,116.4074,0,0,0,0,0,0,0,0,0,0,0,0,0,0,0,0,0,0,0,0,0,0,0,0,0,0,0,0,0,0,0,0,0,0,0,0,0,0
,Yemen,15.552727,48.516388,0,0,0,2,786,5932,12932,16517,17436,18462,18078,18799,18984,17322,22561,32574,39869,40375,42409,43731,48263,55978,57757,61083,61769,58569,66326,64409,66619,64470,66623,66741,64668,66894,64767,66929,66929,60452
,Zambia,-13.133897,27.849332,0,0,0,62,188,372,2609,7617,9478,10616,10587,11513,16955,26461,35947,36985,39159,47242,91416,109343,108956,113335,109952,114177,119253,110269,122804,119129,123453,119811,124324,124491,120507,124527,120528,124613,125085,113445
,Zimbabwe,-19.015438,29.154857,0,0,9,86,124,142,721,4136,6617,7230,7811,9807,23012,38753,46556,46375,49043,49798,79087,126703,136426,144217,140862,148668,161850,150520,167954,163824,170042,165857,172562,173223,167925,173752,168194,174452,174867,158494