Province/State,Country/Region,Lat,Long,January/20,February/20,March/20,April/20,May/20,June/20,July/20,August/20,September/20,October/20,November/20,December/20,January/21,February/21,March/21,April/21,May/21,June/21,July/21
,Afghanistan,33.93911,67.709953,0,0,26,2927,24129,184768,688117,843438,949104,1039280,1058724,1207801,1403684,1358287,1541980,1566429,1710784,1887517,2492541
,Albania,41.1533,20.1683,0,0,241,7902,21760,32742,67686,120294,200469,305370,424181,819127,1250570,1622660,2525857,3010039,3795097,3894898,4032655
,Algeria,28.0339,1.6596,0,0,594,24072,109804,233399,467472,826991,1026971,1177057,1373852,1902624,2181520,2126923,2481861,2495622,2710001,2805260,3257465
,Andorra,42.5063,1.5218,0,0,37,5636,18505,23239,24877,26677,32128,69118,143348,209606,253747,277194,336906,361236,407093,408532,430536
,Angola,-11.2027,17.8739,0,0,1,129,466,1668,5708,22283,41899,94176,196092,286751,473400,527106,618101,668606,802500,924203,1077983
,Antarctica,-71.9499,23.347,0,0,0,0,0,0,0,0,0,0,0,0,0,0,0,0,0,0,0
,Antigua and Barbuda,17.0608,-61.7964,0,0,0,125,561,629,1551,2558,2743,3163,3745,4343,4906,5943,18051,28597,35462,36515,37977
,Argentina,-38.4161,-63.6167,0,0,875,19590,84929,335157,1556787,6029870,13413943,24249610,33912316,41776579,48805346,51092582,62045827,70049590,92046916,112898859,134893683
,Armenia,40.0691,45.0382,0,0,205,12116,63541,222445,671719,1059630,1251850,1490885,2395256,3964417,4695829,4507424,5186198,5573536,6432713,6461740,6764038
Australian Capital Territory,Australia,-35.4735,149.0124,0,0,11,2037,3216,3135,3302,3410,3300,3413,3336,3524,3562,3220,3604,3600,3747,3630,3751
New South Wales,Australia,-33.8688,151.2093,4,92,124,26794,79532,82612,92226,0,0,0,0,0,0,0,0,0,0,0,0
Northern Territory,Australia,-12.4634,130.8456,0,0,0,286,848,870,910,985,990,1023,1130,1749,2502,2787,3255,3261,4900,5179,5671
Queensland,Australia,-27.4698,153.0251,0,9,220,14806,31744,31547,32845,33396,33377,35758,35107,37372,38946,36486,41180,42597,48384,48356,52093
South Australia,Australia,-34.9285,138.6007,0,26,102,7312,13428,13077,13614,13960,13838,14601,15207,17308,17953,16795,19247,19885,22442,23060,25072
Tasmania,Australia,-42.8821,147.3272,0,0,47,1942,5815,6371,6666,6696,6511,6727,6510,6775,6851,6188,6851,6630,6851,6630,6851
Victoria,Australia,-37.8136,144.9631,0,68,1662,29341,44181,50075,87582,303445,537421,597247,585570,605337,606671,549586,609484,589964,610829,593773,616788
Western Australia,Australia,-31.9505,115.8605,0,0,141,8965,16724,17413,19184,19743,19424,21141,22904,25413,26671,25050,28163,28177,30816,30268,31643
,Austria,47.5162,14.5501,0,0,2883,241616,447388,481557,539229,645006,851070,1521700,4042516,8916607,11328881,11533469,14360090,16404817,18990884,19029231,19831920
,Azerbaijan,40.1431,47.5769,0,0,211,16061,65682,180444,540422,971973,1081353,1242714,1707790,3893078,6568386,6342572,7194066,7822456,9679167,9855040,10269710
,Bahamas,25.025885,-78.035889,0,0,8,281,1201,2124,2797,9579,44339,100515,158704,188608,201910,196424,237050,270035,311703,335406,372939
,Bahrain,26.0275,50.55,0,0,3031,22965,100507,413158,943774,1345895,1678279,2262718,2472695,2718364,2919786,2969118,3889112,4504301,5754577,7329094,8216450
,Bangladesh,23.685,90.3563,0,0,131,2059,139045,943347,3155922,5101749,7345683,9323916,10548940,13170237,14593894,13663390,16007124,18179618,22286214,23228388,28698436
,Barbados,13.1939,-59.5432,0,0,0,531,1939,2515,2840,3719,4962,6093,7080,8622,17216,47620,96914,109263,120498,119003,126537
,Belarus,53.7098,27.9534,0,0,340,18498,302001,955147,1742259,2068805,2183138,2464735,2937343,4462040,6404248,7213412,9162503,9941502,11388590,11982503,13195347
,Belgium,50.8333,4.469936,0,13,9055,216946,439785,496435,535284,558058,565779,663604,312851,0,0,0,0,0,0,0,0
,Belize,17.1899,-88.4976,0,0,0,61,485,497,686,1491,20524,51855,79173,184061,331380,325864,371805,364214,382065,375531,403639
,Benin,9.3077,2.3158,0,0,1,486,2441,6793,20334,49576,56453,67677,76714,92574,100552,109001,172521,207064,240442,238871,249942
,Bhutan,27.5142,90.4336,0,0,0,73,166,718,2230,3294,5276,8889,10552,12845,18158,23930,26858,26831,35159,46184,64151
,Bolivia,-16.2902,-63.5887,0,0,0,938,14032,127986,520061,1192668,2497080,3218525,3513282,3944610,4462898,4980609,6422914,7086956,8421408,9853892,11997391
,Bosnia and Herzegovina,43.9159,17.6791,0,0,72,9154,41574,64619,113943,300304,507111,761040,1154725,2084772,2663152,2959282,3799537,4346642,5222002,5364595,5782431
,Botswana,-22.3285,24.6849,0,0,0,10,470,727,1336,3881,17648,48528,191121,320549,446255,596608,938911,1190303,1475224,1717913,2365090
,Brazil,-14.235,-51.9253,0,0,290,400893,3206734,14780735,43861433,82386569,114602710,141354942,159574214,193984367,231929489,246496738,318572764,363175044,428343319,465709254,532885980
,Brunei,4.5353,114.7277,0,0,169,3069,4158,4140,4278,4293,4210,4428,4337,4578,5014,4921,5756,6173,6870,7165,8072
,Bulgaria,42.7339,25.4858,0,0,92,3572,19087,56205,127894,282890,394051,525515,965073,2744317,4826252,5528183,7116546,9038221,11230191,11715358,12307921
,Burkina Faso,12.2383,-1.5616,0,0,161,7840,19258,23827,27517,31233,35199,54133,73482,107617,216951,299024,372301,381450,408660,398421,413409
,Burma,21.9162,95.956,0,0,0,178,2799,5413,8264,10109,39272,489009,1586575,2792578,3628228,3626440,4083110,3956387,4095744,4006408,5048639
,Burundi,-3.3731,29.9189,0,0,0,44,430,2008,6092,10108,12136,15180,16542,20021,23533,21644,23963,23190,23963,23190,23963
,Cabo Verde,16.5388,-23.0418,0,0,0,30,2731,11083,31237,72642,130031,201618,275934,342166,378524,396476,481448,539141,772500,915034,1003352
,Cambodia,11.55,104.9167,0,18,136,2586,3760,3772,4267,7347,8202,8655,8745,10225,12104,13016,24993,78417,397275,1017283,1772767
,Cameroon,3.848,11.5021,0,0,23,9186,51653,193759,394819,501215,565958,620832,650791,739138,813812,844795,1067447,1057830,1093091,1057830,1093091
,Canada,56.1304,-106.3468,0,45,3906,296982,1147850,1822913,2656592,3403493,3744866,5154442,7405385,12349823,18930235,21621358,26916432,30332375,38447679,41050156,43343765
,Central African Republic,6.6111,20.9394,0,0,0,131,463,10142,38882,53571,54869,59554,57720,59644,133669,137176,152924,152196,172837,205770,212629
,Chad,15.4542,18.7322,0,0,0,200,5006,21365,24737,26533,28634,36323,42993,50071,64799,86803,119283,129391,144673,142913,148149
,Chile,-35.6751,-71.543,0,0,580,107500,642471,4792545,9051341,11106253,12338711,14311907,15219199,17071958,19397898,20571214,26335365,31069764,37857012,42365756,47846581
Anhui,China,31.8257,117.2264,7,9328,30226,29527,30535,29550,30535,30535,29550,30535,29554,30566,30588,27663,30628,29640,30669,29936,30976
Beijing,China,40.1824,116.4142,24,3209,11035,14698,17709,17518,23277,28595,27780,28743,27992,29141,29708,28074,32059,31145,32414,31473,32956
Chongqing,China,30.0572,107.874,3,5503,17021,17124,17763,17190,17839,17887,17320,17930,17458,18089,18104,16378,18135,17550,18153,17655,18349
Fujian,China,26.0789,117.9874,0,2726,8968,9825,10987,10695,11184,11300,11338,12527,12814,14568,15708,15001,16974,16715,17920,18140,20471
Gansu,China,35.7518,104.2861,0,1284,3095,4042,4247,4137,5018,5149,5031,5208,5277,5575,5580,5168,5737,5682,5916,5760,5980
Guangdong,China,23.3417,113.4244,42,12521,39495,43966,48908,48034,50749,52279,52753,56972,57695,61333,63154,59149,68253,67816,72444,73678,84380
Guangxi,China,23.8298,108.7881,8,1854,7325,7558,7812,7560,7822,7843,7601,7958,7741,8083,8108,7406,8215,7953,8277,8129,8463
Guizhou,China,26.8154,106.8748,4,1410,4166,4332,4495,4350,4495,4495,4350,4495,4350,4495,4495,4060,4495,4350,4495,4350,4495
Hainan,China,19.1959,109.7453,2,1694,4995,4866,5025,4893,5115,5115,4950,5115,4950,5115,5115,4620,5115,4950,5337,5430,5611
Hebei,China,37.8957,114.9042,0,3380,9533,9434,9952,9713,10537,10636,10654,11108,10882,11372,14096,32323,40596,39300,40610,39300,40610
Heilongjiang,China,47.862,127.7615,0,3006,13551,14762,27117,28016,28954,28956,28050,28985,28070,29045,29882,39854,49507,47910,49507,47965,49569
Henan,China,33.882,113.614,6,13656,38587,37591,38874,37620,38874,38874,37620,38934,37788,39292,39506,35862,39727,38535,39964,38721,40030
Hong Kong,China,22.3,114.2,0,192,2489,14462,30693,32034,40384,104364,139166,153785,156225,200906,268978,283680,334921,337581,357050,348073,361850
Hubei,China,30.9756,112.2707,605,252317,1621251,1914729,1972114,1908681,1972313,1972365,1908810,1972437,1908840,1972712,1972747,1781865,1972809,1909192,1972904,1909408,1973248
Hunan,China,27.6104,111.7088,4,12066,30616,30433,31465,30450,31465,31465,30450,31465,30459,31496,31520,28600,31921,31065,32179,31351,32586
Inner Mongolia,China,44.0935,113.9448,1,425,2171,2970,5847,6867,7408,7855,7769,8188,8515,9963,10827,10148,11341,11206,11768,11580,12176
Jiangsu,China,32.9711,119.455,11,6582,19104,19198,20223,19591,20274,20318,19878,20606,20045,20987,21210,19351,21799,21222,22106,21699,22895
Jiangxi,China,27.614,115.7221,20,8927,28544,28071,29016,27940,28861,28877,28020,28954,28020,28954,28954,26152,28954,28077,29016,28080,29016
Jilin,China,43.6661,126.1923,2,892,2797,2878,3637,4564,4743,4786,4650,4805,4650,4805,4922,12270,17661,17100,17670,17100,17670
Liaoning,China,41.2956,122.6085,3,1158,3591,4094,4486,4411,4762,6689,7836,8371,8438,8895,10683,11118,12516,12159,12625,12619,13168
Macau,China,22.1667,113.55,0,105,303,553,1317,1350,1409,1426,1380,1426,1380,1426,1426,1298,1465,1449,1519,1521,1635
Ningxia,China,37.2692,106.1655,0,914,2262,2250,2325,2250,2325,2325,2250,2325,2250,2325,2325,2100,2325,2250,2325,2250,2329
Qinghai,China,35.7452,95.9956,0,302,558,540,558,540,558,558,540,558,540,558,558,504,558,540,558,540,558
Shaanxi,China,35.1917,108.8701,0,2401,7209,7481,9042,9183,9761,10305,11054,12535,13246,14945,15534,14785,16974,16891,18168,18137,19341
Shandong,China,36.3427,118.1498,4,5100,21496,22838,24114,23480,24335,24598,24435,25603,25198,26097,26470,24050,26712,25877,26990,26246,27156
Shanghai,China,31.202,121.4491,29,3823,9941,14330,19740,20022,21679,23726,27022,31121,35672,41360,46277,46385,55646,56249,61181,62696,67992
Shanxi,China,37.5777,112.2922,3,1480,4035,4221,6046,5940,6167,6231,6061,6326,6403,6804,6941,6516,7413,7227,7603,7533,7828
Sichuan,China,30.6171,102.7103,3,4349,15325,16476,17298,16985,18256,18837,19420,21254,22139,24665,26129,24217,27810,28221,30125,30660,33505
Tianjin,China,39.3054,117.323,0,1183,4033,4954,5791,5713,6038,6261,6707,7441,8095,9153,9506,9267,10748,11049,11725,11566,12212
Tibet,China,31.6927,88.0924,0,18,31,30,31,30,31,31,30,31,30,31,31,28,31,30,31,30,31
Unknown,China,,,0,0,0,0,0,0,0,0,0,0,0,0,0,36,105,90,337,349,577
Xinjiang,China,41.1129,85.2401,0,434,2232,2190,2263,2190,2296,15197,26885,27869,28441,30287,30287,27356,30287,29310,30287,29310,30287
Yunnan,China,24.974,101.487,1,1707,5294,5285,5659,5490,5709,5845,5830,6259,6274,6549,6905,6391,7114,7536,9743,10418,11987
Zhejiang,China,29.1832,120.0934,28,13126,36816,37314,39271,38010,39284,39308,38104,39544,38430,39973,40262,36615,40820,39606,41022,40042,41847
,Colombia,4.5709,-74.2973,0,0,109,17078,118612,669011,2606920,9188505,18153031,26172619,32938033,41790357,53289554,58113695,68607821,73679539,90648296,106646430,133982470
,Comoros,-11.6455,43.3333,0,0,0,0,257,3403,9131,11682,13041,14969,16514,19119,34214,76904,106940,107960,114633,112190,118287
,Congo (Brazzaville),-0.228,15.8277,0,0,0,296,2852,9695,19605,49431,103740,120497,125418,159701,181226,184802,235812,246240,254448,332105,363661
,Congo (Kinshasa),-4.0383,21.7587,0,0,10,789,7137,21195,131200,264017,293014,320572,333785,403464,459625,442729,726530,777262,834012,837478,898749
,Costa Rica,9.7489,-83.7534,0,0,29,3490,16677,27768,85332,301277,687362,1745670,2295379,3605171,4396680,4604813,5862223,5910877,6907524,8028833,9688862
,Cote d'Ivoire,7.54,-5.5471,0,0,38,6330,30636,79527,236755,437393,546261,616756,619828,663408,730227,820595,1091641,1329741,1429537,1418775,1501320
,Croatia,45.1,15.2,0,0,355,17337,57173,63977,91096,168878,346166,638991,2038035,4861455,6639101,6437203,7522695,8450188,10347060,10483565,10928212
,Cuba,21.521757,-77.781167,0,0,27,6691,42619,59906,70952,85293,123789,175254,210465,271429,437951,938807,1812130,2568932,3640263,4608402,7430546
,Cyprus,35.1264,33.4299,0,0,106,2553,15455,24396,26152,27569,38441,47593,59344,63767,63767,57596,63767,873609,1210891,1171830,1210891
,Czechia,49.8175,15.473,0,0,167,36091,162452,218370,279968,450813,717412,2314286,9757000,16098379,22604594,27210994,37625977,44302838,49354055,48898850,50769608
Faroe Islands,Denmark,61.8926,-6.9118,0,0,440,4523,5781,5610,5823,8063,12212,14379,14835,15950,19153,18294,20402,19809,20620,21871,25512
Greenland,Denmark,71.7069,-42.6043,0,0,16,280,341,384,403,429,420,458,518,574,859,840,953,930,979,1156,1730
,Denmark,56.2639,9.5018,0,0,26,101236,274718,332693,376964,421316,515960,874504,1455240,2737633,5086883,5492789,6529722,6880999,7803732,8383779,9095217
,Diamond Princess,0,0,0,44,8987,18977,20127,19530,20181,20181,19530,20357,19770,21589,21669,19572,21669,20970,21669,20970,21669
,Djibouti,11.8251,42.5903,0,0,0,4672,29946,92109,148405,160611,159982,166740,165766,174932,179955,164228,187913,261798,346894,342362,355268
,Dominica,15.415,-61.371,0,0,0,200,467,506,558,558,564,833,1366,2426,3070,3264,4363,4878,5455,5655,6027
,Dominican Republic,18.7357,-70.1627,0,0,27,11513,160836,418221,758649,1623317,2356696,3006958,3307677,3791590,4423371,4936155,6293163,6546649,7251641,7619589,8833084
,Ecuador,-1.8312,-78.1834,0,0,84,23439,210913,702114,978383,2521381,3008490,4009025,4740172,5504187,6083704,6333926,8151264,9029273,10810662,12095561,13557665
,Egypt,26.820553,30.802498,0,2,1407,20364,103095,374233,849040,1825324,2574263,3043034,3034327,3295247,3779202,3787773,4586590,4864279,5633432,6078771,6877682
,El Salvador,13.7942,-88.8965,0,0,0,1195,15244,64224,192851,341914,581185,822081,980896,1198384,1396055,1463448,1832314,1900252,2069327,2120061,2318104
,Equatorial Guinea,1.6508,10.2679,0,0,1,140,2079,10725,27115,85727,135108,152928,149409,156894,160844,152419,187113,206649,233881,251602,266345
,Eritrea,15.1794,39.7823,0,0,0,141,1120,1240,4055,7933,9270,11826,13592,17513,33106,53795,83807,98080,113635,137220,186937
,Estonia,58.5953,25.0136,0,0,131,4090,30002,51856,58851,61886,69387,97932,152102,381941,807209,1171685,1967130,2959301,3665747,3776010,3970231
,Eswatini,-26.5225,31.4659,0,0,0,202,2454,8209,23763,70448,130530,166012,174101,202597,259919,349096,488864,519371,552002,539466,590319
,Ethiopia,9.145,40.4897,0,0,16,547,3842,27836,116476,390344,775493,1287456,1891161,2975040,3609556,3609950,4492672,5326662,6797901,7556982,8129063
,Fiji,-17.7134,178.065,0,0,0,102,449,531,558,626,762,910,960,1204,1520,1503,1864,1934,3611,12981,109833
,Finland,61.92411,25.748151,0,18,184,37610,138200,184300,211950,218910,228100,285600,428700,679100,953000,1042000,1426000,1380000,1426000,1380000,1426000
French Guiana,France,3.9339,-53.1258,0,0,60,1711,4072,21240,121663,243060,275632,306457,299850,309845,309845,279860,309845,299850,309845,299850,309845
French Polynesia,France,-17.6797,149.4068,0,0,0,428,1786,1800,1866,2909,24607,89215,145260,150102,150102,135576,150102,145260,564394,563205,586771
Guadeloupe,France,16.265,-61.551,0,0,73,1839,3414,4543,5127,7972,30495,68341,67260,69502,69502,62776,69502,67260,69606,67500,69750
Martinique,France,14.6415,-61.0242,0,0,27,1822,2754,2940,3038,3038,2940,3038,2940,3038,3038,2744,3038,2940,3038,2940,3110
Mayotte,France,-12.8275,45.166244,0,0,20,2688,21864,57109,78766,89624,88920,91884,88920,91884,91884,82992,91884,88920,91884,88920,91884
New Caledonia,France,-20.904305,165.618042,0,0,0,243,553,603,660,690,757,839,886,1068,1278,1401,1792,1740,1798,1740,1798
Reunion,France,-21.1151,55.5364,0,0,8,4796,11334,13453,15662,20744,54670,127590,178372,248883,279504,287682,398672,501982,657669,768784,959293
Saint Barthelemy,France,17.9,-62.8333,0,0,2,110,186,180,186,258,513,1597,2548,4358,5888,8206,14322,13860,14322,13860,14322
Saint Pierre and Miquelon,France,46.8852,-56.3159,0,0,0,0,21,30,31,31,155,324,360,434,479,448,687,723,775,751,806
St Martin,France,18.0708,-63.0501,0,0,4,422,954,1050,1191,1572,5205,11649,16763,22832,28493,31494,43369,41970,43369,41970,43369
Wallis and Futuna,France,-14.2938,-178.1165,0,0,0,0,0,0,0,0,0,0,0,0,59,140,460,1320,8046,13140,13578
,France,46.2276,2.2137,0,102,52716,926723,1818267,2090253,2228005,2237627,2279388,2666639,3588544,4853426,5723306,6048707,7675001,8548021,9941399,10136101,10579151
,Gabon,-0.8037,11.6094,0,0,0,428,9537,44019,112198,195022,231652,259175,268012,285965,301498,328016,461418,544164,637957,713103,774045
,Gambia,13.4432,-15.3101,0,0,0,96,387,702,1359,12045,51593,79304,106142,112964,114827,110401,141450,155728,175081,174637,187814
,Georgia,42.3154,43.3569,0,0,129,2574,12544,21537,27177,33487,46509,269731,1968487,5176899,7213508,7221418,8337366,8413392,9602825,10228461,11306445
,Germany,51.165691,10.451526,0,174,68067,2191330,4664012,5179784,5770005,6291811,7099678,9139990,15966344,32848466,52216261,59746817,74155407,82951800,102079550,107482000,112769670
,Ghana,7.9465,-1.0232,0,0,40,2230,40447,199471,697630,1223292,1339395,1443153,1459912,1613673,1737077,1922119,2587215,2679998,2824566,2782065,2949025
,Greece,39.0742,21.8243,0,0,485,10949,42594,41220,42594,110634,254617,516170,692220,2694614,2906684,2625392,2906684,2812920,2906684,2812920,2906684
,Grenada,12.1165,-61.679,0,0,0,106,464,657,713,728,720,744,850,1555,3831,4087,4631,4599,4938,4800,4971
,Guatemala,15.7835,-90.2308,0,0,54,775,6865,61674,487816,1568432,2160686,2766629,3136254,3692575,4168908,4312471,5249193,5678599,6832178,7480568,8983743
,Guinea,9.9456,-9.6966,0,0,0,2773,35639,99623,164152,228704,281869,320897,339186,394687,417302,406922,487046,558981,633100,653252,727181
,Guinea-Bissau,11.8037,-15.1804,0,0,0,98,986,5036,23128,30863,37608,54400,64979,73197,74589,69579,86386,93799,106483,106526,114844
,Guyana,4.860416,-58.93018,0,0,0,257,1396,2855,4749,11129,37024,78772,114402,160514,191711,206403,261043,302156,402026,495197,607609
,Haiti,18.9712,-72.2852,0,0,3,56,583,5811,98750,162693,187790,223073,232419,257532,275185,262015,319479,349917,383398,379295,401349
,Holy See,41.9029,12.4534,0,0,0,46,62,310,372,372,360,417,450,465,465,420,465,450,633,810,837
,Honduras,15.2,-86.2419,0,0,12,743,9598,33828,112580,237754,580330,1063843,1341752,1632578,1842993,1775015,2144820,2279437,2552649,2684663,2971266
,Hungary,47.1625,19.5033,0,0,293,7014,40173,73994,96100,111502,131018,391803,1050812,2962612,6717930,8249213,11156963,13467519,19124129,21815963,23032381
,Iceland,64.9631,-19.0208,0,0,1012,31468,54923,53864,56159,58586,62934,88064,141716,167374,179142,167409,186926,184925,198827,194280,203041
,India,20.593684,78.96288,0,42,818,85811,1216954,5916008,20721573,60316822,121026253,201042724,247607222,293237936,315887433,297485271,343331878,389199498,655369460,846694451,936586112
,Indonesia,-0.7893,113.9213,0,0,571,18115,124915,461691,1325068,2937415,4981726,8585756,11847739,16275130,22774008,28633439,38936831,43234562,49612324,53049090,69710649
,Iran,32.427908,53.688046,0,294,172400,1432550,2942787,4589823,7103895,9188334,10550878,13190225,17003852,26012919,34406201,36477089,46713536,53078598,68849707,80487738,96465589
,Iraq,33.223191,43.679291,0,0,1471,24096,68237,330211,1704449,3977514,7073484,10889895,13415201,15886615,17583527,17093507,21584972,25375591,32279862,35475456,41754625
,Ireland,53.1424,-7.6921,0,0,75,101388,580855,684384,724284,724284,700920,724284,700920,724284,724284,654192,724284,700920,724284,700920,724284
,Israel,31.046051,34.851612,0,0,824,109496,391621,466549,793730,2200198,3833557,7961936,9380024,10665883,14428283,18507027,24347386,24809931,25788745,24989369,26000598
,Italy,41.87194,12.56738,0,145,145571,1266518,3706270,5284972,6067991,6319921,6480454,7782506,14088374,35800929,53778917,62397634,81820395,96128071,114440453,119762132,127407672
,Jamaica,18.1096,-77.2975,0,0,32,564,4503,13537,20265,24388,37442,108793,157966,260575,358234,354091,480005,582842,717623,836667,1282827
,Japan,36.204824,138.252924,6,342,5635,32485,300186,466796,597246,1249430,2019792,2596355,3124839,4863092,7789108,10645563,13251158,14304018,18437068,21940079,24677994
,Jordan,31.24,36.51,0,0,124,6830,13359,20949,31030,38902,82211,202481,1853940,6971180,9184242,9216310,12856856,18491436,21903063,21815776,23022129
,Kazakhstan,48.0196,66.9237,0,0,86,9719,93679,287521,1186192,2565155,3322200,4114197,4212484,4997024,5855773,6275421,7870320,8869170,11475924,12936293,14939761
,Kenya,-0.0236,37.9062,0,0,7,1604,9426,38902,144274,476819,688863,979924,1399907,2244548,2538085,2384463,2765303,3030309,3509218,3632166,5246487
,Kiribati,-3.3704,-168.734,0,0,0,0,0,0,0,0,0,0,0,0,0,0,0,0,0,0,0
,"Korea, North",40.3399,127.5101,0,0,0,0,0,0,0,0,0,0,0,0,0,0,0,0,0,0,0
,"Korea, South",35.907757,127.766922,0,283,53987,228263,305875,325244,385762,434409,567710,717978,778030,1059042,1765375,2094256,2738265,3103390,3787501,4213844,4945570
,Kosovo,42.602636,20.902977,0,0,5,2667,20333,30531,86955,222903,354571,451704,561442,1054657,1483868,1565422,2038010,2529906,3049436,3134826,3270675
,Kuwait,29.31166,47.481766,0,0,639,11774,143650,800378,1476316,2105277,2609564,3308981,3832078,4422585,4694189,4686995,6119290,7118201,8591555,9427468,11242268
,Kyrgyzstan,41.20438,74.766098,0,0,6,4726,25115,53899,311455,1045551,1230317,1416498,1727779,2200467,2441732,2302659,2603861,2600923,2905522,3114276,3867320
,Laos,19.85627,102.495496,0,0,0,69,400,558,589,607,647,682,695,1037,1258,1155,1347,1446,19903,55719,68417
,Latvia,56.8796,24.6032,0,0,22,3062,18441,25584,31747,33928,37230,41548,46544,440238,1269265,1823410,2635385,3016638,3627245,3925454,4182262
,Lebanon,33.8547,35.8623,0,0,257,2831,12119,27907,46371,90358,306924,861643,1792725,3259949,4724542,6673092,10301214,12538839,15366903,15820179,16584868
,Lesotho,-29.61,28.2336,0,0,0,0,4,68,1803,9930,19730,29491,34151,42787,56970,85868,125799,158694,198492,193264,204192
,Liberia,6.428055,-9.429499,0,0,0,353,3320,6947,15445,23936,36085,39012,39579,42836,49898,50626,58770,57403,61689,63936,81179
,Libya,26.3351,17.228331,0,0,1,300,991,2820,12484,28918,319397,826332,1342095,1943891,2655081,3093658,4157481,4669289,5210125,5258132,5683892
,Liechtenstein,47.14,9.55,0,0,204,2133,2506,2430,2540,2748,3156,4896,21847,43770,67911,68724,78237,79886,89423,88479,92533
,Lithuania,55.1694,23.8813,0,0,5,3894,32269,42704,49791,55004,72070,120098,416424,1849291,4165714,4869789,5955315,6299755,7431466,7903887,8318528
,Luxembourg,49.8153,6.1296,0,0,270,33583,112731,117846,135267,194035,197001,257719,515737,1045714,1404785,1390986,1689447,1813346,2051521,2073067,2184487
,MS Zaandam,0,0,0,0,0,0,0,0,0,0,0,0,0,203,217,196,217,210,217,210,217
,Madagascar,-18.766947,46.869107,0,0,0,1016,3762,14793,108851,369219,435115,497507,496532,527222,544729,525493,634212,767345,1157085,1213970,1267686
,Malawi,-13.2543,34.3015,0,0,0,56,748,3835,29213,81748,115884,150105,161914,173191,196701,397360,806022,944567,1000994,984601,1083776
,Malaysia,4.210484,101.975766,0,280,3711,76324,167424,225277,264497,274668,280831,423497,1086256,2249795,3802894,6170109,9521963,10556321,13286062,17813871,24254624
,Maldives,3.2028,73.2207,0,0,78,449,3031,41382,71638,110614,222820,310617,340778,394250,420490,435181,598247,694634,926934,1788816,2255264
,Mali,17.570692,-3.996166,0,0,0,1424,14042,33394,54141,62085,69492,79823,88551,116819,169230,173196,203688,224276,285891,298568,362694
,Malta,35.9375,14.3754,0,0,35,3331,13966,18142,20446,26258,58537,99499,177896,294553,394624,481564,730958,865240,926522,903458,942440
,Marshall Islands,7.1315,171.1845,0,0,0,0,0,0,0,0,0,0,18,118,124,112,124,120,124,120,124
,Mauritania,21.0079,-10.9408,0,0,6,108,292,17255,96587,182235,205529,226593,226412,272104,438621,454206,521409,522720,560769,576236,642768
,Mauritius,-20.348404,57.552152,0,0,0,3993,9938,9744,10255,10359,10136,11476,12833,15006,16010,15465,18514,26113,35395,38187,51394
,Mexico,23.6345,-102.5528,0,0,157,94466,1048045,3479273,7789179,13036674,17039801,22073682,23701410,29386760,38061080,43267965,53068236,54680770,58902915,58867267,64709564
,Micronesia,7.4256,150.5508,0,0,0,0,0,0,0,0,0,0,0,0,3,28,31,30,31,30,31
,Moldova,47.4116,28.3699,0,0,52,11148,81818,208210,418697,658636,969584,1462677,2184226,3509490,4395355,4423957,5682219,6821109,7585713,7463202,7775319
,Monaco,43.7333,7.4167,0,0,11,595,2657,2804,3059,3489,4096,6908,13032,19190,30166,42596,59977,67935,75396,74427,80108
,Mongolia,46.8625,103.8467,0,0,4,171,721,3505,6406,8455,9008,9626,9889,15683,31917,49133,103867,345579,1213729,1823215,3829475
,Montenegro,42.708678,19.37439,0,0,0,2018,9128,9450,14596,88228,152629,332978,544328,991739,1410947,1677258,2323328,2689172,2967586,2938321,3058017
,Morocco,31.7917,-7.0926,0,0,112,9521,107307,235475,420705,941233,2199610,4350036,7279565,11267601,13393501,12875400,14777160,14717401,15592056,15366462,16520244
,Mozambique,-18.6657,35.5296,0,0,0,151,1384,4938,13141,39185,104028,250540,371475,471875,595558,896367,1560712,1817919,2121016,2103120,2405523
,Namibia,-22.9576,18.4904,0,0,16,143,365,559,1607,52159,195205,316966,374664,487276,824085,961560,1207657,1325800,1495273,1713060,2577691
,Nauru,-0.5228,166.9315,0,0,0,0,0,0,0,0,0,0,0,0,0,0,0,0,0,0,0
,Nepal,28.1667,84.25,0,18,31,153,2137,41128,321132,542907,1218489,2792714,5312094,7367852,8078628,7530016,8418147,8262690,10837489,16051129,19480449
Aruba,Netherlands,12.5211,-69.9683,0,0,8,1166,2832,2940,3097,9592,57239,121461,135259,152681,179986,198617,251729,288954,329950,328313,342525
"Bonaire, Sint Eustatius and Saba",Netherlands,12.1784,-68.2385,0,0,0,0,114,210,217,217,407,3027,4503,5166,5580,5040,5580,7970,48308,47905,50741
Curacao,Netherlands,12.1696,-68.99,0,0,12,262,428,513,704,949,2430,12821,27728,60784,124915,127986,149336,246555,372203,364545,382343
Sint Maarten,Netherlands,18.0425,-63.0548,0,0,0,382,1593,1842,1952,3685,12932,20336,25504,35193,46534,52694,63421,64108,69278,73269,80617
,Netherlands,52.1326,5.2913,0,0,0,0,0,0,0,0,0,0,0,0,0,0,0,0,0,0,0
Cook Islands,New Zealand,-21.2367,-159.7777,0,0,0,0,0,0,0,0,0,0,0,0,0,0,0,0,0,0,0
Niue,New Zealand,-19.0544,-169.8672,0,0,0,0,0,0,0,0,0,0,0,0,0,0,0,0,0,0,0
,New Zealand,-40.9006,174.886,0,0,341,20597,43628,44470,46588,47670,50814,56393,57760,62910,66640,63182,72471,74374,80687,79823,84868
,Nicaragua,12.865416,-85.207229,0,0,0,112,3739,28201,64765,89040,87390,124415,126750,130975,130975,118300,130975,126750,130975,126750,130975
,Niger,17.607789,8.081666,0,0,0,4307,21171,26754,30945,33167,33037,34874,34738,43840,89146,114939,138597,143035,154009,154916,163177
,Nigeria,9.082,8.6753,0,0,39,4039,45752,175349,452352,1090428,1386991,1684797,1834523,2092553,2721964,3401212,4475051,4620261,4844118,4898783,5103503
,North Macedonia,41.6086,21.7453,0,0,49,5898,38840,55824,138040,280023,401568,534913,859057,1590687,2228365,2445099,3065670,3611302,4420871,4488196,4655870
,Norway,60.472,8.4689,0,0,78,941,77942,242907,257570,278548,304995,363715,447915,557938,557938,503944,557938,539940,557938,539940,557938
,Oman,21.512583,55.923255,0,1,359,5647,46072,332884,1295975,2331765,2536187,2951861,3323729,3675633,3847728,3619485,4259170,4734243,5851037,6427296,8064158
,Pakistan,30.3753,69.3451,0,0,455,51866,400437,1738886,5724986,8277025,8707565,9499486,9778401,12200937,14625794,14700436,17864480,19693003,24475507,26465445,28516822
,Palau,7.515,134.5825,0,0,0,0,0,0,0,0,0,0,0,0,0,0,0,0,0,0,0
,Panama,8.538,-80.7821,0,0,25,4645,153714,386996,819145,1691955,2321732,3086246,3819094,5205758,7329604,8611322,10433808,10488438,11147549,11228355,12419130
,Papua New Guinea,-6.314993,143.95555,0,0,0,0,224,240,275,3950,8948,16732,17551,19083,23769,23580,26226,92945,373437,481171,524862
,Paraguay,-23.4425,-58.4438,0,0,5,1240,7381,22255,57925,196647,481558,1072147,1539817,2150123,2984695,3390332,4751580,6061404,8091833,9960966,12384772
,Peru,-9.19,-75.0152,0,0,518,138147,1053575,3610879,7184053,11256767,17282734,23630554,25846638,28636485,30599721,31896933,41513915,48120325,56708816,58995950,63589896
,Philippines,12.879721,121.774017,0,18,369,13116,77416,198564,679414,3060066,6186401,9226754,11112018,13001987,14318784,14213785,17431829,22639238,32993387,37463324,44077681
,Poland,51.9194,19.1451,0,0,94,31234,224239,461948,882204,1225396,1814659,2907324,9795769,26690510,36176533,37651390,49763592,67131337,80357088,79446862,82236634
,Portugal,39.3999,-8.2245,0,0,339,18509,233013,703225,999004,1226334,1344815,1852290,4202384,8706096,12753327,18301078,23385689,23618611,24892270,24531962,26664130
,Qatar,25.3548,51.1839,0,0,501,15075,221977,1762241,3104613,3463447,3577931,3909060,3987319,4309170,4453344,4169021,4926351,5216342,6370044,6516272,6878420
,Romania,45.9432,24.9668,0,0,1474,47500,279385,482310,704930,1010701,1932670,4050968,7584394,14561843,19271961,19846835,24533908,27803319,31674666,31322327,32438221
,Russia,61.52401,105.318756,0,36,568,96017,2281612,8852843,16385384,22621627,26547834,32921521,43849682,66895159,89953096,99366186,122880768,127655382,139652225,143268092,162507988
,Rwanda,-1.9403,29.8739,0,0,0,1482,5732,10225,23767,48860,80208,130970,153068,185751,238887,408404,580740,654819,763146,795678,1149449
,Saint Kitts and Nevis,17.357822,-62.782998,0,0,0,24,416,450,466,518,510,570,570,730,1004,1065,1284,1320,1381,2319,13048
,Saint Lucia,13.9094,-60.9789,0,0,5,246,534,547,616,757,786,839,1838,6842,11632,50182,116838,126794,141193,150085,162654
,Saint Vincent and the Grenadines,12.9843,-61.2872,0,0,4,75,372,705,1000,1642,1840,2017,2263,2580,3984,16512,39862,50055,55120,57305,66981
,Samoa,-13.759,-172.1046,0,0,0,0,0,0,0,0,0,0,0,50,62,56,62,60,76,90,93
,San Marino,43.9424,12.4578,0,0,94,1543,6084,16373,20344,20376,19991,21510,28869,51659,74817,83525,114074,137808,153936,149965,155072
,Sao Tome and Principe,0.1864,6.6131,0,0,0,12,508,4717,13719,25342,26126,27754,27531,29509,30831,32477,56349,65800,70426,69247,72390
,Saudi Arabia,23.885942,45.079162,0,0,590,38790,834277,2769372,5752127,8248725,9173836,10146947,10217197,10879608,11054823,10190052,11569975,11632845,12937883,13527944,15127509
,Senegal,14.4974,-14.4524,0,0,182,5624,31314,100053,176352,244794,325806,423519,461961,506223,597877,713591,1028881,1150408,1226824,1220610,1348385
,Serbia,44.0165,21.0059,0,0,38,14395,129723,329045,262529,0,0,0,0,0,0,0,0,0,0,0,0
,Seychelles,-4.6796,55.492,0,0,0,78,298,330,697,3705,4018,4529,4700,5622,15429,43227,92733,129595,223361,367381,502160
,Sierra Leone,8.460555,-11.779889,0,0,0,119,5060,21394,37232,46459,49210,54253,54584,57546,64378,70869,85420,86577,96121,97469,124444
,Singapore,1.2833,103.8333,0,706,3825,20458,275276,919554,1337855,1599512,1705046,1790330,1740780,1805935,1823293,1668610,1859641,1813315,1894406,1857432,1937095
,Slovakia,48.669,19.699,0,0,46,5372,33099,42629,47478,61770,100588,235705,1031488,3107647,5175079,6952094,7914300,7659000,7914300,7659000,7914300
,Slovenia,46.1512,14.9955,0,0,70,4758,23158,40961,47938,63078,87014,201473,1020274,2413951,3796254,4545149,5808469,6388483,7345646,7487333,7843654
,Solomon Islands,-9.6457,160.1562,0,0,0,0,0,0,0,0,0,36,142,155,280,356,476,548,620,600,620
,Somalia,5.152149,46.199616,0,0,1,154,5112,19214,41258,65204,83678,96068,99979,110001,113160,104816,132969,160848,198237,212407,226220
,South Africa,-30.5595,22.9375,0,0,183,23586,234252,1269120,5530334,14206941,17443704,19577083,20848000,24382473,33742707,38738591,45104475,44679248,47370397,48954473,62132596
,South Sudan,6.877,31.307,0,0,0,0,103,3081,24637,37920,38700,39990,48663,94668,103069,107717,226880,303416,323336,315420,325934
,Spain,40.463667,-3.74922,0,30,102904,2067154,4352063,4511280,4661656,4661656,4511280,4661656,4511280,4661656,4661656,4210528,4661656,4511280,4661656,4511280,4661656
,Sri Lanka,7.873054,80.771797,0,22,102,2279,14754,38546,63023,83327,91119,109535,343115,806874,1405662,1932116,2634105,2776555,3707575,5774585,7858084
,Sudan,12.8628,30.2176,0,0,1,274,10600,84825,169257,197713,201984,209684,271211,384262,495272,625435,730054,761919,861424,899831,949602
,Summer Olympics 2020,35.6491,139.7737,0,0,0,0,0,0,0,0,0,0,0,0,0,0,0,0,0,0,0
,Suriname,3.9193,-56.0278,0,0,0,136,277,2207,18867,65452,121349,152068,154233,164797,207636,228983,264130,265226,321016,434209,618611
,Sweden,60.128161,18.643501,0,0,0,0,0,0,0,0,0,0,0,0,0,0,0,0,0,0,0
,Switzerland,46.8182,8.2275,0,0,9067,441116,836900,865400,929700,1031400,1191200,1638700,4536100,9187200,9845600,8892800,9845600,9528000,9845600,9528000,9845600
,Syria,34.8021,38.9968,0,0,0,202,1059,2280,4816,13218,26370,45988,82698,140290,200740,244099,347153,439257,622017,651164,679126
,Taiwan*,23.7,121,0,63,677,4779,11844,12967,13614,13974,14294,15311,16138,19000,23254,24340,29496,30787,34329,116024,369888
,Tajikistan,38.861,71.2761,0,0,0,0,16893,103342,168277,211707,238506,291033,329347,379621,408348,370104,409758,396540,409758,396847,426410
,Tanzania,-6.369028,34.888822,0,0,5,732,5561,5490,5673,5673,5490,5673,5490,5673,5673,5124,5673,5490,5673,5490,5673
,Thailand,15.870032,100.992541,49,439,1822,47919,88276,90037,95848,98900,99657,107920,111474,124251,256193,586593,814171,806190,833063,806190,833063
,Timor-Leste,-8.8742,125.7275,0,0,0,50,684,720,744,757,779,873,887,954,1402,1959,3612,18278,75995,204176,283903
,Togo,8.6195,0.8248,0,0,21,1204,3615,9552,16429,25609,36344,46688,60135,90442,117347,139201,213240,290545,370661,399273,429020
,Tonga,-21.179,-175.1982,0,0,0,0,0,0,0,0,0,0,0,0,0,0,0,0,0,0,0
,Trinidad and Tobago,10.6918,-61.2225,0,0,8,723,3244,3267,3807,6831,39913,110037,161317,193977,214380,205474,233765,237519,327194,590482,890062
,Tunisia,33.886917,9.537499,0,0,19,2967,23160,30002,33990,42163,81961,155992,1504016,2723357,4013288,5105239,6474172,7032073,8864259,9825787,13122067
,Turkey,38.9637,35.2433,0,0,674,376670,3146528,4558677,6115032,7145609,7864646,9353282,10763120,41776718,69643786,69313691,85535598,108067693,150728500,156350222,166642542
,Tuvalu,-7.1095,177.6493,0,0,0,0,0,0,0,0,0,0,0,0,0,0,0,0,0,0,0
,US,40,-100,0,88,19730,1747977,8720047,17434297,34028380,56877502,75486815,99506279,128470711,74680002,0,0,0,0,0,0,0
,Uganda,1.373333,32.290275,0,0,0,633,1911,11538,29758,36273,75136,199582,246797,314880,409098,405795,619797,1223890,1313808,1469738,2063129
,Ukraine,48.3794,31.1656,0,0,40,10140,152874,455428,924628,1536279,2273640,3982035,7799140,17204358,27661047,32211961,39776672,45476329,59131735,65524922,69509102
,United Arab Emirates,23.424076,53.847818,0,64,835,31296,288124,844036,1452161,1784347,2152339,3267599,4310810,5192097,7010665,9342700,12774319,14263070,16314630,17459501,19707866
Anguilla,United Kingdom,18.2206,-63.0686,0,0,0,26,93,90,93,93,90,93,90,210,433,464,586,729,2493,3270,3411
Bermuda,United Kingdom,32.3078,-64.7505,0,0,20,908,2240,3773,4273,4557,4880,5342,5758,8721,17931,18904,21761,35596,69030,73723,76910
British Virgin Islands,United Kingdom,18.4207,-64.64,0,0,0,51,155,210,217,231,1059,2147,2100,2251,2828,2768,4061,5005,6237,6942,20441
Cayman Islands,United Kingdom,19.3133,-81.2546,0,0,0,174,1497,3895,6162,6262,6144,6604,7201,8549,10167,10785,13630,14943,16968,17464,19071
Channel Islands,United Kingdom,49.3723,-2.3644,0,0,0,4129,14511,15392,16180,16787,17345,20017,25117,45204,92417,101915,122628,118680,122636,119212,145712
Falkland Islands (Malvinas),United Kingdom,-51.7963,-59.5236,0,0,0,113,403,390,403,403,390,403,390,509,841,1125,1640,1700,1949,1890,1953
Gibraltar,United Kingdom,36.1408,-5.3536,0,0,153,2833,4430,5080,5531,6088,9022,14054,23195,32651,78432,112510,128519,125358,129895,126199,133590
Guernsey,United Kingdom,49.448196,-2.58949,0,0,0,0,0,0,0,0,0,0,0,0,0,0,0,0,0,0,0
Isle of Man,United Kingdom,54.2361,-4.5481,0,0,0,4328,8927,9358,9672,9672,9375,9882,9918,10687,11109,11379,18578,44377,48219,46960,52123
Jersey,United Kingdom,49.2138,-2.1358,0,0,0,0,0,0,0,0,0,0,0,0,0,0,0,0,0,0,0
Montserrat,United Kingdom,16.742498,-62.187366,0,0,0,31,263,300,310,358,356,372,360,372,372,359,529,570,589,570,589
Pitcairn Islands,United Kingdom,-24.3768,-128.3242,0,0,0,0,0,0,0,0,0,0,0,0,0,0,0,0,0,0,0
"Saint Helena, Ascension and Tristan da Cunha",United Kingdom,-7.9467,-14.3559,0,0,4,0,0,0,0,0,44,62,73,93,119,112,124,120,124,120,124
Turks and Caicos Islands,United Kingdom,21.694,-71.7979,0,0,0,40,271,330,600,2314,13585,20940,20902,23193,27817,42770,64892,68897,73360,71687,74593
,United Kingdom,55.3781,-3.436,0,116,1752,2247,0,0,0,0,0,0,0,0,0,0,0,0,0,0,0
,Uruguay,-32.5228,-55.7658,0,0,41,7760,17353,23361,28141,37229,47202,65274,100833,242149,730662,1204812,1982760,3752012,6517701,9204071,11331854
,Uzbekistan,41.377491,64.585262,0,0,31,9249,66244,122006,279354,886763,1372046,1841895,2023837,2253023,2366117,2180236,2464752,2513040,2848869,3021186,3538950
,Vanuatu,-15.3767,166.9592,0,0,0,0,0,0,0,0,0,0,0,29,31,28,31,46,93,90,93
,Venezuela,6.4238,-66.5897,0,0,262,3023,7210,25021,157484,717048,1547216,2406772,2770887,3193915,3497217,3507989,4301143,4896247,6154546,7050782,8462185
,Vietnam,14.058324,108.277199,0,214,604,5006,7882,9611,11005,15414,27319,32150,33476,38988,42994,44686,65765,73687,83548,139166,438456
,West Bank and Gaza,31.9522,35.2332,0,0,208,1707,8724,12527,56636,308105,668084,1233228,1652646,2808269,4235190,4408354,5898926,7299216,9012797,9136526,9618954
,Winter Olympics 2022,39.9042,116.4074,0,0,0,0,0,0,0,0,0,0,0,0,0,0,0,0,0,0,0
,Yemen,15.552727,48.516388,0,0,0,1,134,5661,21371,30997,36687,41489,41312,42906,43880,40047,46994,65602,96314,113759,128448
,Zambia,-13.133897,27.849332,0,0,0,800,8376,32784,55223,253496,381094,460464,489788,547444,878201,1737994,2515749,2632790,2815131,3146142,5141265
,Zimbabwe,-19.015438,29.154857,0,0,0,42,470,2113,13001,95065,172489,225416,244771,302327,531530,849842,1056857,1050250,1123899,1116231,1674083