Province/State,Country/Region,Lat,Long,January/20,February/20,March/20,April/20,May/20,June/20,July/20,August/20,September/20,October/20,November/20,December/20,January/21,February/21,March/21,April/21,May/21,June/21,July/21,August/21,September/21,October/21,November/21,December/21,January/22,February/22,March/22,April/22,May/22,June/22,July/22,August/22,September/22,October/22,November/22,December/22,January/23,February/23,3
,Afghanistan,33.93911,67.709953,0,30,1141,26928,222720,751685,1079412,1165099,1166401,1246695,1303865,1539551,1671259,1553102,1737068,1733260,1991950,2848717,4241348,4696019,4628009,4827238,4701215,4889195,4938320,4759331,5465007,5350389,5562250,5441364,5699567,5876924,5899026,6237917,6140134,6413335,6448651,5851560,
,Albania,41.1533,20.1683,0,0,2232,15632,28873,50880,119660,230278,350148,523084,866248,1540509,2088163,2610775,3652195,3865660,4089156,3973546,4113962,4262873,4784904,5511591,5801493,6351823,7217971,7491180,8456152,8233062,8544921,8323448,9157061,9994918,9937170,10311515,9995485,10341791,10354695,9359749,
,Algeria,28.0339,1.6596,0,5,4823,69497,211394,337819,674286,1185076,1458290,1683631,2074384,2884170,3212268,3096714,3577898,3581338,3890403,4030589,4734511,5788899,6016238,6358229,6249508,6636393,7141014,7317457,8228823,7972081,8240659,7978934,8263246,8344656,8116912,8393236,8129016,8406039,8410301,7599630,
,Andorra,42.5063,1.5218,0,0,2787,19106,23498,25511,27174,31382,45275,103067,174907,230115,279226,293412,352375,380633,418754,414764,442259,462595,453489,475994,481140,629689,931921,1043282,1211183,1219226,1308981,1301800,1391434,1422901,1383692,1437700,1402054,1473564,1481674,1340056,
,Angola,-11.2027,17.8739,0,0,48,601,1639,4660,20049,59160,111469,233349,404417,508018,580289,569508,666295,726071,948207,1109740,1260968,1394599,1552460,1929362,1946699,2112947,2871481,2758810,3067646,2976936,3080191,2997507,3156309,3180376,3089970,3197061,3104995,3251795,3258657,2945399,
,Antarctica,-71.9499,23.347,0,0,0,0,0,0,0,0,0,0,0,0,0,0,0,0,0,0,0,0,0,0,0,198,341,308,341,330,341,330,341,341,330,341,330,341,341,308,
,Antigua and Barbuda,17.0608,-61.7964,0,0,61,617,776,1026,2366,2881,2886,3586,4047,4656,5759,12957,30085,36073,38611,37885,39480,44775,71908,118561,123417,129927,168724,201388,231549,226197,243182,255181,269915,274686,270221,282198,273180,282286,282286,254968,
,Argentina,-38.4161,-63.6167,0,0,6529,77576,275556,1091252,3728771,9244163,17545982,29922509,39307295,47136788,55312462,56733848,68713761,79416752,103825064,125059837,146386195,157553999,156899177,163452993,159264713,167592259,219509876,244540254,278486987,271731352,283185384,279205423,292851853,298337341,290926129,301151883,291664481,303648019,310141669,281154336,
,Armenia,40.0691,45.0382,0,0,4099,36511,151445,520967,1026463,1286089,1398359,2012415,3480514,4636215,5076072,4741148,5603135,6176164,6831987,6716751,7046137,7298355,7541311,8750263,9833856,10626338,10862656,11308526,13079093,12681842,13110214,12691827,13148400,13328334,13174278,13778644,13364450,13821934,13825768,12498414,
Australian Capital Territory,Australia,-35.4735,149.0124,0,0,579,3028,3314,3235,3470,3503,3390,3514,3443,3639,3658,3304,3793,3692,3844,3720,3844,6607,20954,46670,59247,77470,684834,1201574,1980709,2769306,3722684,4340214,5498846,6157166,6127303,6416932,6321083,6844548,7101186,6474892,
New South Wales,Australia,-33.8688,151.2093,23,40,15757,84561,95130,94155,109877,122019,125176,134117,135076,146392,156463,143935,162604,161175,172090,169704,218148,499097,1437924,2195840,2365268,3353566,22772993,34037344,48070913,62950556,76084165,80928183,93101338,103737279,104258053,109404255,107844683,116148216,119552886,108935090,
Northern Territory,Australia,-12.4634,130.8456,0,0,126,815,897,870,955,1023,990,1041,1339,2063,2857,2870,3280,3884,5243,5286,5888,6194,6153,6827,7514,11380,234871,866485,1417124,1712046,2115856,2254699,2632007,2917299,2899289,3036890,2976262,3156172,3220461,2932813,
Queensland,Australia,-27.4698,153.0251,6,54,6277,29303,32606,31929,33242,34018,34394,36085,35612,38128,39943,36938,43346,45465,49329,49723,54356,60180,60274,64171,63251,119486,6716565,14106852,20409168,27019856,34118234,37206403,43349587,48891877,48727950,51284662,50358312,53465841,54845049,50142089,
South Australia,Australia,-34.9285,138.6007,0,21,2675,12734,13609,13206,13787,14271,13975,14921,16068,17532,18313,16997,19682,20516,23026,23359,25814,26913,26787,28306,27655,78721,2176645,3688087,6059154,10311878,14475427,16729484,20276571,22905456,22837478,23991943,23837617,26007808,26955302,24565589,
Tasmania,Australia,-42.8821,147.3272,0,0,565,4666,7027,6840,7080,7120,6901,7130,6900,7225,7254,6552,7254,7020,7254,7020,7254,7282,7050,7334,7137,10055,546659,1034865,2030403,3532226,4709474,5274639,6587933,7465969,7426333,7780573,7701872,8409108,8775826,7989649,
Victoria,Australia,-37.8136,144.9631,9,43,6924,37825,47713,54306,173438,508954,596178,629229,610350,630980,633101,573123,634965,614893,637003,620166,644916,661575,845821,2028205,3212929,4502254,17913911,27276523,36006797,43175673,54126897,60437204,70414026,77998536,77812202,81618127,80707949,86609860,88461629,80336301,
Western Australia,Australia,-31.9505,115.8605,0,2,2776,15274,17329,18070,19871,20183,19895,22327,23726,26087,27423,25471,28725,29065,31449,30597,32248,33041,32724,34407,33479,35033,40886,93325,2408190,8693648,17827930,25064867,30845453,34311495,34291373,36088113,35789416,38437572,39475943,36046344,
,Austria,47.5162,14.5501,0,8,71340,412163,497709,512093,594822,727822,1043361,2002554,5906701,10003336,11964323,12024949,15289654,17354837,19521955,19314025,20120977,20645416,21327632,23937261,29214026,38056005,45628489,64067739,101397647,121578523,131596796,130513423,143417772,151197839,150682288,164886464,165049718,174761588,178055815,163616114,
,Azerbaijan,40.1431,47.5769,0,0,1928,35353,101560,326549,794844,1065366,1156339,1403733,2434291,5629069,7006474,6502320,7560926,8816077,10199768,10056668,10497023,11654596,13861812,15599491,16873584,18797112,19511848,20746865,24506455,23769552,24572709,23787824,24639771,24987917,24556271,25498123,24714526,25583790,25646146,23191557,
,Bahamas,25.025885,-78.035889,0,0,99,1578,2933,3100,6403,41780,93104,170339,215718,238552,249177,233940,271796,289640,345301,366120,417813,511668,592159,675732,678050,718350,926895,922038,1029459,1002021,1055332,1063406,1127702,1144543,1115341,1157370,1123085,1162213,1162221,1049748,
,Bahrain,26.0275,50.55,0,167,7765,48676,210502,575360,1074705,1447593,1856231,2388821,2539313,2780573,3022735,3165005,4119520,4837969,6338506,7750838,8297428,8399912,8218534,8557002,8317985,8641298,9759962,12952941,16717276,16871027,17907241,18079633,20033333,20675599,20270684,21254920,20814791,21627615,21688951,19673766,
,Bangladesh,23.685,90.3563,0,0,546,70283,731311,2836656,6049862,8565945,10232791,11965030,13055589,15301465,16311378,15145689,17583288,21032790,24211558,25289802,33434499,43755097,46037544,48497087,47188180,48996978,51134257,53273548,60431477,58567309,60544928,58738849,61813461,62280992,60522629,62984407,61085141,63143140,63158229,57055401,
,Barbados,13.1939,-59.5432,0,0,255,2071,2697,2860,3209,4654,5515,6692,7563,9713,32342,63279,106483,112693,122770,121317,131162,142637,191196,398792,666634,836400,1109422,1439948,1776050,1930457,2367980,2477533,2721814,3028008,3060750,3187040,3108397,3248070,3281951,2980178,
,Belarus,53.7098,27.9534,0,2,1465,150554,888892,1626878,2029325,2159686,2246305,2701983,3481029,5144839,6908021,7520716,9451715,10229519,11683891,12206318,13396842,14349120,15302106,17669576,18886439,21056829,22254939,23454346,29270231,29183466,30457411,29486010,30770467,30815147,29821110,30815147,29821110,30815147,30815147,27833036,
,Belgium,50.8333,4.469936,0,10,89009,993613,1688377,1801706,1979139,2409779,2955815,7060830,15807456,19046283,20983559,20733707,25421637,28207302,31954849,32292651,34201841,35802514,36463705,40032128,46113229,60896408,78392928,95970582,114254239,118874918,127650946,125600635,134565543,138173002,135314023,142162499,138755967,144349597,145223142,131722480,
,Belize,17.1899,-88.4976,0,0,18,411,558,633,1208,13861,45432,84329,142741,285706,355291,340198,383735,376175,394656,389860,424629,468078,548929,741030,870268,968822,1293751,1545860,1769338,1721025,1804129,1846996,2039745,2101042,2058299,2136230,2069666,2152773,2182809,1979883,
,Benin,9.3077,2.3158,0,0,68,1178,6566,17757,46022,62855,68013,76944,85621,97112,107836,133911,203298,227170,247227,243854,256255,316592,611240,757616,744816,771985,804096,743063,829841,808560,835512,811204,844546,847318,827216,860666,836866,867412,867554,783713,
,Bhutan,27.5142,90.4336,0,0,46,167,561,1897,2700,4396,7485,9919,11234,15035,25294,24183,26933,28670,40790,55636,73044,79586,77918,81061,78845,82203,102441,232976,614280,1432489,1845356,1789734,1860874,1883318,1844584,1928435,1873420,1938052,1939554,1753085,
,Bolivia,-16.2902,-63.5887,0,0,682,14801,137671,614758,1700323,3085662,3821303,4317118,4298716,4637462,5778389,6603704,8093271,8619557,10363122,12302095,14228324,14967434,14877769,15703532,15752610,17393684,22960177,24704880,27843824,27111896,28104303,27453525,30164086,33507919,33191653,34377259,33301473,35058356,36523830,33352886,
,Bosnia and Herzegovina,43.9159,17.6791,0,0,2826,33408,68816,95167,241630,494986,721110,1082304,2143108,3166283,3632102,3535303,4584265,5603125,6260450,6139936,6363599,6461871,6727653,7569738,7954647,8783532,9826543,10168285,11581152,11291133,11703692,11346328,11821249,12135822,11925827,12381475,12007962,12423711,12437347,11241895,
,Botswana,-22.3285,24.6849,0,0,7,437,843,2211,14959,37084,73122,144559,261748,398982,556279,715384,1087347,1315455,1563753,1860810,2687022,4276527,5061795,5666363,5796975,6264669,7361782,7275890,8265602,9172482,9503726,9419467,10058284,10099244,9781968,10116487,9790667,10147170,10182406,9226846,
,Brazil,-14.235,-51.9253,0,5,37127,1048506,7988757,28366311,62859430,103119970,132259920,161188350,177032068,218447663,261425401,276779258,361463134,412942432,484932463,528654898,598216172,632188702,633559210,670852456,659056710,688337377,725181146,770828523,913056326,906812417,951865321,948526904,1029170953,1059634288,1036694862,1077265489,1049264344,1110149739,1135252574,1034556621,
,Brunei,4.5353,114.7277,0,0,1688,4089,4354,4230,4371,4416,4355,4554,4455,4715,5379,5133,6155,6588,7230,7522,9043,35286,142404,320523,427414,475606,492219,834216,3470043,4179447,4494996,4660798,5729183,6674429,6726521,7219420,7415209,8169424,8443898,7758891,
,Bulgaria,42.7339,25.4858,0,0,3576,25790,65828,105731,254933,443823,552189,962977,3044632,5636378,6550706,6492052,9012470,11402304,12813504,12616355,13114402,13546653,14345031,16915796,19750211,22352598,25928937,29127460,34658426,34462302,36013304,35039727,36800523,38081875,37527654,39373957,38520594,39985306,40118929,36290057,
,Burkina Faso,12.2383,-1.5616,0,0,1901,15230,24013,27120,32311,38874,51159,72258,79775,143616,275921,322977,384211,391736,415078,403851,419321,423917,419774,453154,461090,516850,613623,580036,644422,625880,647597,629145,653792,654968,635852,670561,648930,675061,682619,617196,
,Burma,21.9162,95.956,0,0,55,2408,5780,8018,10335,13862,150402,1037537,2128623,3427806,4135212,3962034,4407423,4278611,4436743,4429479,6891196,10985696,13127175,15035793,15400013,16346632,16526460,15549726,18759621,18373465,19007317,18404068,19028695,19048576,18555615,19473206,18981668,19638478,19646546,17748495,
,Burundi,-3.3731,29.9189,0,0,2,183,889,3219,8597,12907,14171,16650,19096,23099,36863,52468,77229,102093,134800,152959,184393,304068,433981,601385,607769,693524,1091454,1059766,1187274,1167496,1281503,1270645,1349703,1490149,1491581,1560275,1518866,1594349,1623036,1499988,
,Cabo Verde,16.5388,-23.0418,0,0,49,1423,9336,23482,58038,98700,148629,232518,295451,353444,399245,412799,504501,604208,860060,950605,1029303,1068665,1101939,1177201,1148987,1203771,1615126,1563297,1733465,1679591,1740146,1735790,1913718,1929929,1870431,1934147,1881975,1957551,1959766,1770607,
,Cambodia,11.55,104.9167,5,10,1225,3583,3804,3885,5473,8173,8247,8809,9085,11076,13195,15201,46744,189155,687710,1204307,2015636,2662445,3062547,3598128,3585992,3731437,3745917,3491835,4155023,4080734,4224090,4087887,4230481,4255261,4132615,4276470,4140605,4288876,4298272,3883743,
,Cameroon,3.848,11.5021,0,0,1067,30497,109504,295083,477610,570225,606411,662489,690210,788845,867295,910920,1255724,1886280,2352287,2399758,2521936,2558000,2559342,3034527,3169181,3345937,3449374,3313011,3701850,3591748,3714349,3599048,3722990,3745815,3649560,3787028,3717606,3843783,3843783,3474947,
Alberta,Canada,53.9333,-116.5765,0,0,5662,76102,200503,225082,286502,378646,479121,685933,1224690,2573776,3559487,3611874,4338742,5034774,6677134,6914142,7217973,7480455,8236090,9715887,9899011,10621958,13511010,14409057,16510184,16563804,17831297,17570493,18330857,18555388,18133323,18906249,18482173,19256687,19378144,17581431,
British Columbia,Canada,53.7267,-127.6476,4,65,9118,47020,74469,82436,99349,140512,223013,352954,684592,1342337,1863238,2062419,2765907,3459108,4285814,4391870,4602222,4862784,5293313,6101988,6379978,7073611,9113178,9503681,10939263,10778408,11392928,11186640,11664134,11790868,11503488,11973439,11659174,12119373,12205437,11074192,
Diamond Princess,Canada,0,0,0,0,0,0,31,1,0,0,0,0,0,0,0,0,0,0,0,0,0,0,0,0,0,0,0,0,0,0,0,0,0,0,0,0,0,0,0,0,
Grand Princess,Canada,0,0,0,0,184,390,403,390,403,403,390,403,390,403,403,364,403,390,403,390,403,403,390,403,390,403,403,364,403,390,403,390,403,403,390,403,390,403,403,364,
Manitoba,Canada,53.7609,-98.8139,0,0,600,7106,8950,9225,10903,22952,45842,102160,335032,664825,844725,862767,1021544,1080279,1396482,1630373,1767606,1800463,1785227,1922598,1972845,2216942,3274068,3542704,4131779,4134240,4427721,4348938,4520552,4558529,4473202,4668203,4558260,4746185,4768464,4320928,
New Brunswick,Canada,46.5653,-66.4619,0,0,473,3327,3756,4637,5198,5651,5845,8748,11851,17430,28637,38690,46292,52885,64089,68832,72662,79017,97882,172434,219851,322778,705141,928526,1316012,1691331,1969942,2004468,2153117,2264415,2280119,2435146,2433268,2593595,2667634,2456400,
Newfoundland and Labrador,Canada,53.1355,-57.6604,0,0,863,7179,8058,7830,8148,8297,8133,8810,9242,11371,12276,19360,31323,31197,37059,41102,43985,45034,47277,58590,60763,73759,369299,575938,970168,1248414,1397495,1409030,1505165,1554391,1540652,1615147,1587513,1663262,1677882,1525529,
Northwest Territories,Canada,64.8255,-124.8457,0,0,10,141,155,150,155,155,150,200,392,636,843,1054,1302,1346,3415,3840,3968,7237,20981,48667,59572,64670,122101,212517,302822,333987,353827,344669,356638,356841,345330,356841,345330,356841,356841,322308,
Nova Scotia,Canada,44.682,-63.7443,0,0,931,17060,31814,31806,33051,33335,32584,33942,35071,44035,47942,44799,51988,56515,138916,172280,181983,184163,188490,219285,236071,345205,902477,1180012,1540752,2119750,2847365,3047797,3372488,3633616,3687852,3950178,3929764,4139478,4225130,3904204,
Nunavut,Canada,70.2998,-83.1076,0,0,0,0,0,0,0,0,0,0,1852,7565,8390,8969,11926,12626,18687,19625,20367,20367,19796,20782,20220,21329,36681,63248,101074,105694,109461,105930,109461,109461,105930,109461,105930,109461,109461,98868,
Ontario,Canada,51.2538,-85.3232,26,119,26325,325924,726869,983666,1170978,1280004,1417792,2030590,2955099,4746538,7365032,8112092,10167565,12496308,15901717,16333114,17103675,17399564,17456318,18562948,18410040,20789025,29721162,30454564,35424667,36517953,40324037,39919882,42218912,43666748,43478919,46129964,45742995,47909598,48607567,44428607,
Prince Edward Island,Canada,46.5107,-63.4168,0,0,99,747,837,810,1055,1258,1630,1941,2030,2681,3241,3207,4491,5008,5909,6168,6442,6752,7797,9562,10037,16004,131949,297963,635666,912894,1131387,1174313,1349782,1499551,1527773,1629417,1620004,1706801,1732214,1576725,
Quebec,Canada,52.9399,-73.5491,0,7,27346,521776,1310342,1614848,1772904,1889695,2016613,2856518,3760807,5354891,7427825,7738297,9267249,9991642,11250309,11206820,11663299,11857783,12003179,12977609,13078713,15266836,23951756,25161202,29187321,30290829,32767936,32302190,34707594,36098977,35673109,37664043,37196294,39349681,40144094,36672350,
Repatriated Travellers,Canada,,,0,0,0,0,0,0,0,0,0,0,91,403,403,364,403,390,403,390,403,403,390,403,390,403,403,364,403,390,403,390,403,403,390,403,390,403,403,364,
Saskatchewan,Canada,52.9399,-106.4509,0,0,1192,9017,17798,21023,29783,47070,52556,73193,160187,385123,614780,742292,961175,1123884,1373577,1440713,1531027,1601860,1818371,2279732,2388013,2550700,3119961,3487386,4013713,4016959,4257672,4175590,4335833,4368833,4283430,4496539,4431743,4649590,4699838,4279407,
Yukon,Canada,64.2823,-135,0,0,23,259,341,330,379,459,450,530,878,1785,2125,1991,2240,2300,2582,4790,15426,20237,21520,26052,37558,50057,79104,92787,111984,120496,133814,132794,141423,148074,146067,152906,149522,154659,154659,139692,
,Central African Republic,6.6111,20.9394,0,0,41,444,11339,70765,134487,144485,143052,150498,146812,153026,154155,139885,156694,173004,212320,213344,221470,311854,339724,355117,349359,369649,406282,395605,449228,439470,454119,439470,455769,459079,446798,467196,458694,474881,476047,430304,
,Chad,15.4542,18.7322,0,0,35,797,14051,25427,27639,29949,33155,41806,47873,57171,86880,102859,133784,140453,151708,148325,153782,154463,150546,156918,153208,175601,206462,201951,225491,221253,229851,222619,230280,231410,226829,235774,229063,237092,237188,214532,
,Chile,-35.6751,-71.543,0,14,18796,285413,1763115,6291295,9987599,11936049,13147124,15134758,15945192,17938094,20661911,21754084,28062147,33124646,39934689,44517883,49388121,50497566,49380560,51806783,51881368,55395307,59299424,74224615,102837567,105694565,112141429,115561466,127863766,136041688,137152174,145212392,145413535,154295595,157658127,143999010,
Anhui,China,31.8257,117.2264,889,9889,30690,29722,30721,29730,30721,30721,29730,30721,29751,30758,30794,27832,30814,29820,30964,30128,31248,31248,30240,31248,30240,31265,31279,28269,31655,31699,33015,31961,44242,46644,45180,47043,46858,52491,66911,63700,
Beijing,China,40.1824,116.4142,716,4019,14867,17696,18383,21811,28802,28977,28057,29078,28421,29764,31315,29278,32519,31664,32783,32120,33544,34315,33578,35172,35519,37219,38801,38802,51341,55991,88276,107169,115236,120179,123749,138278,207350,800374,1248235,1141672,
Chongqing,China,30.0572,107.874,956,5743,17878,17370,17949,17422,18060,18073,17515,18185,17683,18290,18307,16548,18321,17765,18523,17940,18625,18693,18090,18694,18288,18915,18952,17185,20416,20809,21890,21609,23618,26449,30625,37563,93369,288317,450822,412020,
Fujian,China,26.0789,117.9874,513,2941,9509,10577,11048,10834,11281,11503,11780,13035,13933,15596,16399,15323,17231,17439,18715,19395,21895,23811,30850,40139,39485,41478,44344,42008,63964,88315,97247,100615,110798,121009,126923,143389,166319,240007,507784,479416,
Gansu,China,35.7518,104.2861,127,910,3888,4165,4309,4442,5168,5221,5096,5277,5422,5642,5675,5236,5858,5790,5992,5827,6083,6169,5970,6865,10229,10815,11036,10061,17220,20430,21111,20436,28338,41445,40470,41900,43785,48414,52918,48776,
Guangdong,China,23.3417,113.4244,1725,13429,43076,46777,49294,48619,51360,53105,53618,58213,58952,62679,64694,60700,69675,69322,74238,79181,86987,92200,93890,99287,97917,104546,112619,114008,185408,204968,224288,220956,241215,266519,290863,337712,645164,1837911,3129451,2890944,
Guangxi,China,23.8298,108.7881,409,2500,7839,7620,7874,7620,7890,7905,7733,8058,7836,8177,8233,7476,8277,8074,8522,8250,8575,8823,8818,9819,11057,15901,21117,26534,40857,46253,49894,49402,56674,69525,69151,72502,70741,77010,367256,374388,
Guizhou,China,26.8154,106.8748,82,1460,4527,4392,4557,4410,4557,4557,4410,4557,4410,4557,4557,4116,4557,4410,4557,4410,4557,4557,4410,4643,4767,4930,4965,4527,5190,5342,5673,5550,5751,5899,10850,29091,31752,52423,75775,70952,
Hainan,China,19.1959,109.7453,272,1680,5208,5040,5225,5114,5301,5301,5130,5301,5130,5301,5301,4788,5301,5316,5828,5640,5829,5886,5700,5890,5700,5890,5890,5321,5984,7962,8928,8640,9688,151130,268113,278192,270256,312449,324879,293524,
Hebei,China,39.549,116.1306,271,3122,9872,9817,10168,10111,10819,10967,10950,11401,11190,11563,29022,36858,40827,39510,40827,39510,40827,40827,39510,40892,43052,45186,45280,41320,53254,59492,62090,60182,62217,62295,60796,63009,63676,89913,101101,92176,
Heilongjiang,China,47.862,127.7615,225,4794,14953,22837,29286,28406,29357,29379,28440,29394,28470,29656,36615,45023,49910,48300,49934,48360,49972,50008,48948,53236,59100,62925,63222,57882,68412,79679,92410,89582,92674,93670,97623,106692,112696,165923,201539,184884,
Henan,China,37.8957,114.9042,1266,12702,39472,38280,39556,38280,39556,39556,38337,39740,38618,40173,40362,36499,40556,39344,40703,39486,41064,45754,46088,48023,48479,50792,71247,74545,84532,85799,96020,95489,99191,100516,99495,106180,156131,268895,305885,278544,
Hong Kong,China,22.3,114.2,65,814,7788,29364,32700,34003,58484,134221,149065,161825,167377,239977,297838,301336,349435,349045,366355,356475,370736,373298,364631,380872,371666,388123,408634,1526771,27875921,35769428,37469941,36750925,40117855,44509044,50307665,57027408,60297117,72459931,87107094,80530968,
Hubei,China,30.9756,112.2707,22496,645379,2098222,2038637,2112115,2044050,2112185,2112303,2044170,2112309,2044399,2112618,2112631,1908212,2112689,2044649,2112912,2044789,2113771,2116257,2048817,2117371,2049312,2117757,2117909,1913155,2119957,2051838,2120342,2052004,2120547,2120825,2052813,2121458,2054362,2144306,2231617,2019668,
Hunan,China,27.6104,111.7088,1222,10150,31558,30569,31589,30570,31589,31589,30570,31591,30600,31627,31767,28948,32193,31313,32471,31559,33056,36099,35435,36970,35920,37342,38076,34492,39232,40447,43140,41912,43583,44011,43431,48028,56036,88638,219457,208236,
Inner Mongolia,China,44.0935,113.9448,96,750,2451,5050,6636,7110,7697,8038,7864,8490,9246,10674,11343,10264,11458,11335,11893,11750,12338,12725,12467,14195,18647,34780,36911,36350,51614,51006,54336,59718,66459,71554,80255,122587,186100,255562,272780,247716,
Jiangsu,China,32.9711,119.455,579,6310,19648,19560,20243,19599,20284,20514,19958,20729,20301,21166,21341,19661,21900,21474,22383,22074,24494,45512,47799,49596,48316,50270,50478,47132,59501,63716,68807,67163,71346,72459,71236,79164,89284,116186,149355,142100,
Jiangxi,China,27.614,115.7221,773,9342,28998,28110,29047,27970,28892,28931,28050,28985,28050,28985,28985,26180,29003,28110,29047,28110,29047,29047,28110,29050,28643,29729,29729,26852,30448,34165,42847,41525,43873,45174,44716,46345,45284,54747,102586,95844,
Jilin,China,43.6661,126.1923,63,922,2907,3083,4264,4650,4817,4867,4710,4867,4710,4867,8441,16011,17763,17190,17763,17190,17767,17794,17220,17879,17428,18198,18292,16700,341859,1146708,1248387,1208790,1249083,1249425,1209833,1250199,1210302,1254845,1262800,1141392,
Liaoning,China,41.2956,122.6085,236,1210,3926,4337,4586,4548,5408,8053,7959,8625,8610,9332,12081,11310,12597,12232,12912,12783,13373,13676,13489,14320,19973,24471,24974,25356,38993,48391,51643,51146,53549,54700,56194,61357,64549,92216,108915,99316,
Macau,China,22.1667,113.55,46,100,560,1335,1395,1356,1426,1426,1380,1426,1380,1426,1437,1340,1488,1464,1543,1568,1737,1945,1926,2360,2310,2394,2449,2221,2541,2460,2548,3211,20495,24554,23790,24583,23877,43568,102845,98188,
Ningxia,China,37.2692,106.1655,79,714,2321,2250,2325,2250,2325,2325,2250,2325,2250,2325,2325,2100,2325,2250,2349,2280,2357,2387,2310,2631,3633,3782,3782,3416,3782,3660,3782,3660,3782,3782,3772,6169,6763,7966,36550,35728,
Qinghai,China,35.7452,95.9956,36,180,558,540,558,540,558,558,540,558,540,558,558,504,558,540,558,540,558,558,540,582,894,930,930,840,973,1873,4054,4410,4579,5006,6866,7507,10131,16173,23398,21896,
Shaanxi,China,35.1917,108.8701,332,2450,7666,8014,9540,9420,9976,10797,11672,13433,14480,15593,16347,15268,17373,17424,18676,18650,19910,20654,20118,21227,21074,30170,85406,79128,94665,97731,101654,99101,104216,108251,111520,120816,134641,171009,222845,205128,
Shandong,China,36.3427,118.1498,738,7334,23655,23516,24436,23760,24652,25420,24939,26059,25463,26631,26805,24280,26940,26215,27316,26490,27382,28369,27856,29700,30024,32027,32805,30732,62612,79757,84730,82272,86999,89790,91408,97564,102143,143049,177503,164640,
Shanghai,China,31.202,121.4491,580,3357,11887,17956,20559,20767,22635,25702,28621,33589,38267,44258,49618,49269,57087,58114,63302,64898,70090,74474,76579,82888,83927,91737,108094,110998,154094,810040,1915714,1894266,1967016,1975623,1919769,1991194,1931528,2022080,2075739,1877120,
Shanxi,China,37.5777,112.2922,159,1326,4141,5287,6136,5940,6202,6242,6094,6457,6555,6906,7128,6699,7465,7422,7797,7590,7843,7912,7791,8060,7892,8217,8259,7584,9176,11231,13018,12675,13222,13603,14092,25786,66514,158182,217653,200676,
Sichuan,China,30.6171,102.7103,686,5294,16794,16788,17430,17565,18604,19401,20112,22430,23547,25836,26709,24659,28858,28856,31128,31800,34884,36446,36013,37709,37692,40225,41970,39233,49152,58839,67534,70787,76470,89240,148792,187784,220802,356811,446014,407876,
Tianjin,China,39.3054,117.323,177,1346,4408,5556,5930,5870,6259,6555,7060,7794,8636,9397,10171,9779,11337,11370,12056,11924,12745,13903,14425,15427,15568,16931,26220,30537,45157,53954,57665,59633,63524,65697,68485,75276,76180,88087,133066,122976,
Tibet,China,31.6927,88.0924,2,10,31,30,31,30,31,31,30,31,30,31,31,28,31,30,31,30,31,31,30,31,30,31,31,28,31,30,31,30,31,7178,36381,44606,44450,47088,50361,46116,
Unknown,China,,,0,0,1541,70198,95236,103443,113593,128180,140914,165671,185862,200021,224349,221600,254507,258008,279802,286201,312034,330078,332749,356485,361293,389987,414950,406263,982894,10643380,19993089,19846252,20736686,21443067,21889728,23442177,28349698,46169160,47176232,42610848,
Xinjiang,China,41.1129,85.2401,70,760,2356,2280,2356,2280,5256,26669,27060,28179,29343,30380,30380,27440,30380,29400,30380,29400,30380,30380,29400,30407,29430,30411,30506,27888,30878,29974,31246,30240,31248,32404,34748,46523,66240,81541,94428,86492,
Yunnan,China,24.974,101.487,313,1740,5450,5524,5735,5550,5826,6019,6140,6542,6474,6969,7152,6472,7281,9607,10831,11421,18466,29919,38049,47314,49192,55013,57290,53236,62626,62863,66039,64832,67940,69578,70146,80097,93375,172752,293513,272804,
Zhejiang,China,29.1832,120.0934,1809,12018,38092,37985,39308,38055,39360,39515,38411,39773,38732,40247,40648,36935,40993,39861,41962,41257,43087,43855,43250,45235,44968,55571,65113,62972,76955,86967,97034,94364,98625,102634,102011,108546,112828,178437,332000,331744,
,Colombia,4.5709,-74.2973,0,0,6190,101704,492214,1745908,5680255,14415644,21951355,29377177,35993382,45578807,58374546,61356188,71861747,78567887,96787228,114783882,141879726,150806745,148051211,154383574,151062885,158224934,171423690,168322711,188406933,182676599,189007902,183848377,192804131,194904199,189149424,195566131,189348467,195981434,196710637,177969481,
,Comoros,-11.6455,43.3333,0,0,0,1,1116,5961,10233,12580,13863,15608,17436,20497,51485,92325,112884,113736,119742,117038,123897,125299,123082,129844,131824,153013,235889,223475,250041,242990,251444,243928,254911,259887,253902,264775,266706,278284,278631,251853,
,Congo (Brazzaville),-0.228,15.8277,0,0,97,3419,12105,25460,73328,116513,146292,159997,165519,193968,232416,234475,290998,304069,351410,365677,400907,414574,414473,486646,551629,598694,701964,667889,745474,722338,746449,723791,758917,769327,745110,769947,752879,786625,786625,703582,
,Congo (Kinshasa),-4.0383,21.7587,0,0,642,8639,48228,152518,253461,298422,312145,340349,357658,465473,633392,682090,841033,867489,950208,1086248,1412151,1641310,1685143,1775480,1734692,1997124,2542822,2401405,2678306,2607115,2710970,2701545,2844360,2866274,2783334,2882288,2807290,2937166,2954354,2677001,
,Costa Rica,9.7489,-83.7534,0,0,2987,17866,26697,58319,309536,890542,1771225,2901099,3734891,4796194,5681017,5594208,6522718,6872891,8848736,10358999,12039607,13432741,14994975,17037685,16932298,17622785,19259333,21372056,25599802,25348793,27022776,27148020,29212655,32963276,33124016,34948722,34233936,35776125,36413381,33399752,
,Cote d'Ivoire,7.54,-5.5471,0,0,1051,20934,63068,176994,412566,528765,571474,627301,629774,675687,777836,865141,1189745,1360270,1446952,1434603,1522898,1632109,1752147,1888807,1845815,1952422,2422773,2272772,2530288,2455367,2543171,2479341,2618183,2670880,2609712,2714156,2635652,2725229,2726817,2466253,
,Croatia,45.1,15.2,0,18,6404,49646,68134,70331,124811,217353,415353,831572,2599232,5539120,6921173,6657593,7881286,9063636,10797806,10757171,11206532,11404200,11648531,13340229,16261639,20600943,25433780,28430744,33410464,33358980,35061827,34239354,36174544,37243296,36693020,38471480,37515442,39020482,39255233,35513022,
,Cuba,21.521757,-77.781167,0,0,1020,25438,56950,67429,75857,102621,145208,192396,228288,305830,554408,1088096,1949383,2738557,3862052,4888291,8526080,16366844,23157467,28750628,28759732,29883178,31024418,29692418,33458990,32951371,34239019,33170562,34312985,34394960,33328616,34448744,33339901,34461343,34480100,31150743,
,Cyprus,35.1264,33.4299,0,0,1826,19243,28113,29312,31890,41002,47076,79706,216721,492240,878272,923859,1260010,1665592,2210458,2237398,2786245,3417317,3545967,3784961,3853409,4492797,6835614,8206832,11425717,13829062,15056488,14895450,16725083,17705347,17441764,18388790,18211955,19337406,19763370,18087733,
,Czechia,49.8175,15.473,0,0,25984,184001,262979,307889,430742,628547,1304611,5443207,13617115,18743896,26959120,30777715,43611257,47718289,51169649,49954479,51784975,51968562,50545691,53159199,57899447,72970861,83404550,99562002,121870148,123918968,129545650,125718554,131122358,133703560,131762545,139121701,135832283,141692349,142138615,128756882,
Faroe Islands,Denmark,61.8926,-6.9118,0,0,1826,5518,5797,5610,6036,10684,12949,14969,14938,16739,19978,18392,20464,19859,21020,22689,27740,30762,31824,44973,88831,142546,349366,800498,1074123,1039740,1074398,1039740,1074398,1074398,1039740,1074398,1039740,1074398,1074398,970424,
Greenland,Denmark,71.7069,-42.6043,0,0,84,327,354,390,408,434,420,492,529,657,905,840,958,930,1019,1386,2273,7539,13431,20942,32327,60996,224983,318914,368543,359130,371101,359130,371101,371101,359130,371101,359130,371101,371101,335188,
,Denmark,56.2639,9.5018,0,5,30812,197702,332671,367368,408248,479671,644815,1100781,1901383,3750144,5764387,5735358,6859466,7228946,8258194,8689435,9436465,10283943,10595666,11467658,12973353,18863612,37161764,65635297,91674184,92813024,96971813,94511405,99310290,100924997,98550179,102877222,100318072,104510818,105279769,95247388,
,Diamond Princess,0,0,0,6795,21968,21360,22072,21360,22072,22072,21360,22072,21360,22072,22072,19936,22072,21360,22072,21360,22072,22072,21360,22072,21360,22072,22072,19936,22072,21360,22072,21360,22072,22072,21360,22072,21360,22072,22072,19936,
,Djibouti,11.8251,42.5903,0,0,125,16283,54254,132173,153695,165639,161960,169641,169185,178378,182684,167737,203948,300878,353511,347336,360339,362283,361063,412260,404901,419765,456974,434784,482600,467995,485089,470575,486390,486390,470700,486390,470700,486390,486390,439320,
,Dominica,15.415,-61.371,0,0,79,460,496,538,558,576,718,1061,2033,2696,3325,3612,4761,5029,5575,5699,6267,25752,77990,130760,161579,196448,245822,291812,358306,359204,405516,438897,460412,460412,449140,488495,472800,488560,488560,441280,
,Dominican Republic,18.7357,-70.1627,0,0,6140,115932,376401,721962,1543434,2630788,3143556,3727191,4036491,4864830,5941766,6413645,7652946,7794798,8615151,9329866,10403589,10736806,10631489,11474618,11894089,12756512,15356653,15908603,17881349,17361154,18008158,17832708,19229134,19676275,19265248,20047711,19445539,20261745,20440261,18490905,
,Ecuador,-1.8312,-78.1834,0,0,16469,321161,1029314,1429745,2217004,3121790,3678159,4714534,5411330,6306084,7125483,7472445,9480656,10654344,12663896,13253196,14679591,15358152,15186087,15921775,15671432,16621960,19476807,22203194,26285849,25962655,27059302,26771127,28938676,30455494,30000358,31211513,30284513,31731123,32397849,29523225,
,Egypt,26.820553,30.802498,0,10,7140,83386,403993,1406847,2615575,2991066,3038840,3263459,3339298,3859859,4792291,4878915,5961213,6435218,7615367,8218377,8782672,8859474,8865112,9850182,10358211,11551705,12470969,12807088,15382576,15363587,15984995,15469350,15984995,15984995,15469350,15984995,15469350,15984995,15984995,14439013,
,El Salvador,13.7942,-88.8965,0,0,156,5333,41262,122784,347650,692113,819156,969372,1095940,1318177,1573181,1619262,1939285,2010965,2211747,2284385,2563448,2816644,2990491,3393612,3514812,3749302,3874046,3981785,4916747,4857338,5028755,4972826,5580042,5937292,6053550,6255335,6053550,6255335,6255335,5649980,
,Equatorial Guinea,1.6508,10.2679,0,0,130,2867,21842,46572,95881,150812,149975,157079,153445,161321,166183,159963,203858,219014,247897,259971,273465,280165,325218,399659,404797,422216,466494,444084,493663,478133,493241,478688,511333,522916,509536,529818,515397,532735,532774,481971,
,Eritrea,15.1794,39.7823,0,0,65,1027,1209,3083,7490,9178,10664,13346,15545,24769,54320,70980,95058,104836,119530,152367,196912,204740,200062,209823,212733,238762,274280,270544,301309,291952,302142,293307,306370,314090,304900,315628,305670,315859,315859,285292,
,Estonia,58.5953,25.0136,0,3,7350,41075,55005,58725,62542,68481,83987,125799,241995,612913,1127645,1495578,2713051,3472209,3927342,3916223,4089066,4260117,4455142,5349132,6358744,7160912,8533721,11936810,16547109,16983327,17803399,17349814,18096382,18421985,17990234,18746922,18243954,18927077,19001611,17203816,
,Eswatini,-26.5225,31.4659,0,0,75,843,6137,15782,50503,115702,153585,177725,183907,227464,394910,462296,534337,541073,574123,563997,660062,1121413,1351429,1435302,1394616,1757591,2096847,1927131,2154046,2103752,2223031,2187439,2269962,2273203,2201278,2277142,2210482,2292329,2296375,2076629,
,Ethiopia,9.145,40.4897,0,0,203,2558,12773,106607,300942,998557,1964723,2703736,3089373,3653211,4052409,4140296,5589105,7079762,8236693,8230757,8608593,9043198,9843982,11085834,11067787,11853762,14021651,13090994,14548200,14106015,14607728,14440379,15217830,15276907,14802016,15307136,14827364,15377491,15469974,13994326,
,Fiji,-17.7134,178.065,0,0,47,464,558,540,765,856,944,1006,1065,1405,1659,1577,2031,2357,6285,52915,489468,1248799,1480193,1602666,1571501,1634146,1831407,1777755,1989555,1935201,2008859,1958257,2067330,2106737,2046395,2115779,2049201,2125880,2132524,1928244,
,Finland,61.92411,25.748151,3,36,16931,111197,198200,214188,227978,242958,270515,417387,610476,987620,1260599,1440409,2129465,2502481,2798381,2826645,3114035,3671099,4061342,4682518,5185980,6755812,12124570,16184544,23747986,28555744,33071334,33588864,36061667,38279085,38306530,40993308,41283434,44143320,44918708,40903099,
French Guiana,France,3.9339,-53.1258,0,0,411,2687,7327,52278,194587,264987,287421,317254,326194,373142,454898,459105,519450,538300,668397,774214,889731,995686,1127211,1332023,1360871,1445969,1989749,2156307,2423550,2391933,2531631,2534863,2776245,2886810,2815253,2916134,2837516,3007437,3036081,2745122,
French Polynesia,France,-17.6797,149.4068,0,0,328,1553,1852,1806,1922,6494,33504,129060,353402,492676,544173,511697,574753,560645,583305,568347,595477,961682,1205340,1382212,1367578,1436785,1461038,1590692,2185160,2177086,2257793,2193501,2297855,2359617,2296620,2377900,2304422,2407159,2416573,2182796,
Guadeloupe,France,16.265,-61.551,0,0,1016,4293,4834,5121,6115,17841,90910,211083,243200,263635,274628,262819,332292,376952,485626,516924,554359,945868,1505671,1668185,1642964,1716149,2155934,3176020,3997771,4282149,4766212,4918893,5455412,5837088,5763126,6015398,5903086,6149258,6221794,5646888,
Martinique,France,14.6415,-61.0242,0,0,946,4772,5897,6509,7991,11984,31577,70030,140085,175314,193310,183298,219641,273984,357051,363519,433603,917586,1185092,1310410,1323951,1447035,2006703,2899462,4066991,4451848,4884818,5391907,6344121,6597476,6541158,6896406,6715406,6964952,7048885,6404537,
Mayotte,France,-12.8275,45.166244,0,0,517,7748,37920,68951,86029,97525,103650,126519,146654,171848,209609,367351,579304,591657,623943,581249,602870,608068,601967,633240,623606,657641,975743,1023734,1139430,1109881,1160711,1132897,1186692,1232491,1204859,1249020,1215855,1295727,1301969,1176094,
New Caledonia,France,-20.904305,165.618042,0,0,134,537,562,622,668,706,779,839,906,1129,1310,1461,2914,3671,3874,3851,4033,4169,82857,300541,349495,389268,457943,1081323,1831451,1815988,1902614,1890421,2077498,2248777,2225830,2304823,2245413,2420809,2474676,2239922,
Reunion,France,-21.1151,55.5364,0,0,1594,11520,13733,14903,18744,30136,87562,148661,209923,264628,293256,310426,440568,549546,704557,835336,1031969,1374245,1563239,1676475,1700188,2079878,3610744,7275921,9809930,10795524,12599494,12579832,13247829,13922663,14156243,14792805,14368413,15005745,15226358,13840344,
Saint Barthelemy,France,17.9,-62.8333,0,0,79,180,186,180,194,411,796,2151,3254,5291,8176,12788,22363,28042,31084,30994,32838,45787,48350,51228,49870,52661,86903,101659,117990,130804,142592,139500,150891,160464,157978,164339,159922,166468,167790,152058,
Saint Pierre and Miquelon,France,46.8852,-56.3159,0,0,0,26,31,30,83,138,323,496,480,463,542,672,744,734,775,765,822,912,929,988,1209,2913,13881,28678,47186,74828,84805,82897,90956,96784,94802,99903,97084,102705,104922,96656,
St Martin,France,18.0708,-63.0501,0,0,138,984,1205,1245,1414,3520,8865,15042,19406,27135,33601,39485,49761,51085,56594,66098,77228,92442,107974,119736,119401,126211,222879,271543,307814,307277,328241,323791,348883,364860,358378,371850,360956,374718,378440,342902,
Wallis and Futuna,France,-14.2938,-178.1165,0,0,0,0,0,0,0,0,0,13,50,110,131,224,6288,13223,14068,13620,14074,14074,13620,14074,13620,14074,14074,12712,14074,13620,14074,13620,16323,23591,22830,71363,102450,105865,106213,95956,
,France,46.2276,2.2137,30,287,402771,3422005,5528636,5770856,6322451,7716450,12954821,27752497,58289600,74903759,89560072,96776397,127868432,154169338,175718916,170291843,180203199,197090795,202756466,214261882,215033739,258822406,436274525,589503093,721161095,800783158,879588984,876968610,986562488,1032235034,1017032275,1091420381,1087283720,1167934074,1190624154,1078854325,
,Gabon,-0.8037,11.6094,0,0,86,3106,40885,120239,195607,252682,259821,275060,272546,290679,310352,356809,529781,641075,737667,743205,782273,793716,826126,1031175,1101317,1182150,1391889,1327161,1474636,1427772,1476010,1432263,1494895,1506291,1460160,1512998,1468731,1518183,1518382,1371468,
,Gambia,13.4432,-15.3101,0,0,35,233,680,1016,4434,56688,101729,112779,111147,117237,121312,123614,156651,170688,184422,180781,208857,279627,295434,308368,299453,311570,346344,333393,371042,359772,371949,360060,372791,379298,372876,387820,377454,390166,390166,352408,
,Georgia,42.3154,43.3569,0,4,1256,9767,20931,25966,31917,41023,91939,573395,2505524,5970896,7590826,7429803,8552929,8819854,10205280,10669621,12010406,15060119,17588555,20483438,23631879,27824856,31490779,40559524,50715991,49572988,51339975,49760034,51757258,53143222,52740781,55201421,53705279,56047230,56147491,50974934,
,Germany,51.165691,10.451526,18,262,483911,3737253,5348664,5624689,6224385,6958941,7938368,11370428,23795493,43090120,61812530,65370665,80734735,92738909,110749970,111401284,116051010,118897668,122947144,135599876,153477152,204442937,251465037,348435938,550744690,693718823,796147190,812274242,916625228,979051775,978882573,1070261159,1082258994,1144471865,1165981979,1062969723,
,Ghana,7.9465,-1.0232,0,0,1146,24029,164583,370733,826344,1296178,1368073,1465886,1501148,1651837,1813441,2124578,2726591,2746420,2891473,2842549,3063648,3455373,3720117,3997698,3919673,4139518,4729537,4427189,4979413,4832555,5000256,4897824,5179849,5220338,5061955,5275227,5128127,5301904,5303732,4792118,
,Greece,39.0742,21.8243,0,12,12783,63645,86380,95085,121131,222112,424201,802968,2243451,3904326,4585941,4844582,7014206,9230831,11653186,12457292,14077053,16768403,18708564,21556950,25312736,31959592,50856910,61689039,84156710,96337103,105234926,106098897,123834763,142808448,145127959,156291770,158552542,170251353,172003097,155357636,
,Grenada,12.1165,-61.679,0,0,52,429,674,690,715,744,720,802,1051,2429,4240,4144,4696,4694,4980,4830,5024,6796,91507,175952,176051,184191,296611,370857,428716,426626,510137,542526,577128,589724,583678,606565,588346,608843,609948,551040,
,Guatemala,15.7835,-90.2308,0,0,333,7312,67102,329549,1062083,1938713,2495864,3106103,3454791,4047232,4594145,4687392,5723666,6287226,7481843,8247675,10238191,12965133,15579945,18140535,18315374,19312415,20308900,20693762,25062543,25134762,26455938,26367962,30311848,33325546,33412361,35126191,34414699,36603876,37749779,34511669,
,Guinea,9.9456,-9.6966,0,0,104,15955,80843,139077,196485,261346,303547,350904,379110,417156,437663,422601,558415,637554,706438,703407,759869,864320,902759,947284,921555,959147,1084641,1017062,1129465,1095027,1135145,1104086,1156838,1160972,1128468,1176850,1143706,1183541,1184862,1071098,
,Guinea-Bissau,11.8037,-15.1804,0,0,26,1515,26923,44361,58039,65237,68413,74077,72580,75812,77361,82413,107408,110920,116142,114422,126022,160403,180530,189852,189783,200104,217817,219998,250571,245259,255179,249409,260304,262407,263575,273565,265440,274882,277357,250612,
,Guyana,4.860416,-58.93018,0,0,141,1562,3617,5398,9979,24093,61590,112427,144708,185193,213438,229334,289705,349462,471496,558603,661852,736696,861666,1058300,1105302,1199511,1566820,1739118,1957426,1900825,1983394,1985726,2130754,2186516,2136701,2213361,2145163,2226585,2251555,2044827,
,Haiti,18.9712,-72.2852,0,0,81,1261,15126,123311,209881,242437,254840,276326,275045,297597,330933,340473,393780,389313,427185,515823,611301,642255,644284,722309,743152,801525,861712,841832,944704,918802,953561,935937,995337,1022852,1010132,1046875,1015011,1050202,1052991,954999,
,Holy See,41.9029,12.4534,0,0,58,247,367,360,372,372,360,646,810,837,837,756,837,810,837,810,837,837,810,837,810,837,865,812,899,870,899,870,899,899,870,899,870,899,899,812,
,Honduras,15.2,-86.2419,0,0,821,13307,86306,317671,975322,1584516,2074882,2704316,3085315,3569628,4149890,4488251,5569807,5982916,7010833,7496305,8666593,9889456,10639320,11523910,11310359,11738026,11930741,11184610,12929088,12653549,13159746,12779259,13406853,13899008,13666719,14159740,13723945,14311000,14540395,13198391,
,Hungary,47.1625,19.5033,0,0,3512,48858,106717,121673,133397,154696,450339,1426535,4340462,8774928,10794651,10954073,16553070,21975323,24673915,24207963,25071230,25128946,24503571,25969172,29142818,37227269,42237613,47687028,56441915,56352441,59226771,57682967,60240867,62334815,62057988,65752226,64614020,67442444,67889213,61423535,
,Iceland,64.9631,-19.0208,0,2,11298,50142,55864,54362,57048,62238,69104,119128,155412,173260,183571,168952,189143,189420,202534,198540,214629,295617,340516,389856,473329,645066,1466418,2658380,5049097,5515105,5790138,5726990,6172986,6311525,6156362,6386843,6203360,6430607,6461943,5848534,
,India,20.593684,78.96288,2,30,10252,447607,3088494,10951713,32829678,82734792,151735176,228641810,265835139,308005491,326927936,305984490,357487053,447598593,760936972,886909272,962880627,999760992,1000653633,1055797723,1033703398,1076434872,1168520007,1192162187,1332839131,1291386605,1336835898,1298514945,1356350334,1372465208,1335670358,1383471408,1340003729,1384986098,1385152709,1251201142,
,Indonesia,-0.7893,113.9213,0,0,11971,164969,546175,1211857,2544132,4336124,6879525,10928941,14115752,19834279,27904068,34172220,44344084,47761250,54068447,58774875,86065511,118769332,125159430,131209718,127536426,132055272,132752349,137835434,182389033,181069113,187576506,182007743,190280014,194976634,192036618,200234800,197397598,207786965,208503439,188531228,
,Iran,32.427908,53.688046,0,1615,525947,2255837,3727988,5749446,8279348,10622742,12365981,16323626,23319184,34734095,41044213,42690161,54610163,65501367,84973293,91721205,108611906,138294286,160347125,178912248,181216604,191035846,193421199,190385654,220835641,215997472,224065933,217035208,225983249,231855446,226233725,234174239,226768344,234372140,234445915,211850006,
,Iraq,33.223191,43.679291,0,34,6335,42494,112314,731904,2680051,5516538,9025163,13048781,15543204,17911961,18838341,18220943,23904513,28798758,35327743,38096059,45815638,55068495,58773176,63018464,62098113,64757610,66050331,63664871,71715758,69683461,72124454,69994249,74477581,76048494,73764715,76286471,73870441,76402537,76431302,69035260,
,Ireland,53.1424,-7.6921,0,1,23308,365860,730677,758939,797096,847681,958194,1495470,2035798,2451763,4945372,5864137,7065554,7281321,7927938,8023834,8804984,10121549,11122674,12868314,15185143,20236387,32589477,34961015,42425550,44894621,47748215,47316334,50403745,51196458,49804434,51721608,50292074,52217518,52601558,47657407,
,Israel,31.046051,34.851612,0,22,35287,367312,512036,602486,1460503,2916651,5221620,9176583,9755418,11475028,16729422,20255490,25324771,25095274,26012078,25200471,26435658,29676325,35847219,40680497,40127444,42041651,60428899,95301923,116439616,120564053,127400637,126663318,139234914,143064201,139435304,144872129,141035762,147096148,148075001,134194565,
,Italy,41.87194,12.56738,2,3915,1209772,4928524,6914863,7115232,7560745,7919622,8749361,13281216,35324374,58293082,72917277,76429829,101162913,114799462,128520540,127351195,132998927,137830596,138507478,146263219,146467420,166814321,268466519,339146254,422670796,468097894,528189339,534940169,618471976,667145094,664098287,715213771,716634216,768269938,785400848,714674367,
,Jamaica,18.1096,-77.2975,0,0,382,5011,16083,19058,24311,40928,130368,247729,297709,368482,439391,540682,982732,1293840,1465128,1482266,1586479,1832530,2317842,2695351,2707931,2854104,3433281,3552843,3981143,3877539,4124676,4219238,4483506,4593848,4530311,4709861,4569284,4732716,4744981,4309532,
,Japan,36.204824,138.252924,56,1717,29049,264160,496442,525362,769638,1701860,2296922,2855665,3648413,5876987,9914215,11643489,13993264,15837325,21045760,23315113,26124551,36898551,49375732,53213339,51748655,53607765,62524836,112188220,182266894,218468503,260353706,273050153,326231428,498643334,612219874,675775018,704040274,834410690,969616198,923708215,
,Jordan,31.24,36.51,0,0,2421,11816,18801,28514,36345,45488,140406,1138829,4471920,8196380,9694303,9868118,15461791,20243727,22456633,22334746,23568332,24313870,24319166,26094465,27042001,31631939,34650383,41245776,51768498,50843372,52584442,50933891,52824059,53475643,52264791,54156907,52409910,54156907,54156907,48915916,
,Kazakhstan,48.0196,66.9237,0,0,1937,46219,202761,476607,2056485,3642536,4099504,4489708,4848928,5844830,6716862,7028707,8618791,10069664,12801200,13849346,17031174,23663637,27686358,30799424,31192323,33014311,36211083,38493850,43179424,41825260,43236131,41855449,43705643,45443098,44454537,46012176,44561808,46129513,46254827,41920210,
,Kenya,-0.0236,37.9062,0,0,370,7263,29773,118824,386628,902573,1091882,1385303,2106033,2856847,3065046,2887159,3634398,4463081,5134850,5309765,5959523,6858310,7335731,7804270,7629795,8248547,9750522,9028188,10019802,9708149,10048644,9857504,10426111,10476961,10149684,10498581,10216772,10609177,10623506,9599944,
,Kiribati,-3.3704,-168.734,0,0,0,0,0,0,0,0,0,0,0,0,0,0,0,0,25,60,62,62,60,62,60,62,1940,63897,93862,92181,95911,95886,102204,106330,102900,106330,102900,106330,140006,140291,
,"Korea, North",40.3399,127.5101,0,0,0,0,0,0,0,0,0,0,0,0,0,0,0,0,0,0,0,0,0,0,0,0,0,0,0,0,18,30,31,31,30,31,30,31,31,28,
,"Korea, South",35.907757,127.766922,36,11667,244918,315431,342959,365805,423421,505449,673170,780435,888618,1463251,2220738,2364057,3003141,3395144,4096985,4484907,5494721,7040660,8461948,10586338,12153895,17011156,22137334,48620794,254575149,478478731,551504524,547637056,585960164,672365152,726961446,780200660,791484895,872050674,923758365,850671235,
,Kosovo,42.602636,20.902977,0,0,844,12732,29343,51853,166431,349836,442311,524640,883320,1447730,1720254,1801727,2424115,2957297,3286644,3215824,3345871,3770770,4699481,4975007,4828539,4998578,5385316,6201808,7035806,6834367,7075169,6856542,7382867,8246805,8157727,8435679,8165776,8439216,8444878,7637781,
,Kuwait,29.31166,47.481766,0,171,4154,51368,445816,1106772,1776417,2362626,2885759,3569876,4082135,4554849,4881830,4988724,6584268,7607062,9056466,9975862,11816814,12582193,12328118,12780113,12390816,12842970,14561596,16753379,19402302,18917417,19599253,19134248,20120867,20337714,19738350,20478447,19872966,20545007,20546933,18564210,
,Kyrgyzstan,41.20438,74.766098,0,0,587,13260,36450,87845,597522,1276140,1354021,1605533,1994975,2411196,2571550,2393821,2701863,2744413,3111239,3384472,4519651,5315306,5321283,5574764,5472567,5706439,5909220,5597853,6223442,6029299,6230783,6030317,6250137,6350152,6177550,6394619,6194508,6403033,6404055,5785083,
,Laos,19.85627,102.495496,0,0,50,503,589,570,597,656,680,724,846,1259,1292,1258,1485,4930,47255,60701,110312,331422,559637,982733,1693579,2907843,3844859,3896817,4744363,5933054,6485367,6305012,6528375,6592549,6456057,6698776,6493047,6737919,6755310,6104050,
,Latvia,56.8796,24.6032,0,0,3277,20149,30402,32971,36487,40754,45572,106264,326976,875710,1678918,2151827,2937772,3303437,3941911,4081207,4281523,4353331,4478626,5739036,7202688,8213909,9786896,14875123,23165890,24356199,25601895,24942977,26256145,27398218,27389770,29229479,28744077,30060176,30220506,27319038,
,Lebanon,33.8547,35.8623,0,15,5177,18944,29199,44582,85807,302900,807478,1859410,3175672,4730285,7586618,9501209,13134891,15091550,16592936,16284890,17078600,18075800,18453859,19631449,19638154,21596029,25440274,28421970,33627309,32855732,34041205,33097052,35328850,37099536,36396035,37736736,36591575,37867032,37993612,34451471,
,Lesotho,-29.61,28.2336,0,0,0,0,29,272,8782,27809,39807,56894,61138,76083,194193,278256,327749,321443,334408,330065,379164,437008,431850,666706,651203,760943,972553,907721,1016104,988554,1030021,1012944,1054220,1059224,1031331,1069190,1034700,1069190,1077890,974120,
,Liberia,6.428055,-9.429499,0,0,56,1941,6757,14879,31614,38938,39659,42683,45038,53646,57833,55247,63054,62229,66118,82630,158894,170446,173421,179956,174541,183635,217137,205537,229185,222410,230850,224243,232702,236841,237849,247461,240200,249164,249432,225823,
,Libya,26.3351,17.228331,0,0,33,1180,2340,14275,57791,257246,739939,1475402,2198676,2861262,3375585,3560392,4553941,5099709,5631248,5691014,6737243,8785095,9807705,10831491,10961163,11795326,12444249,13177484,15496621,15054827,15560368,15062214,15581431,15688781,15207472,15717597,15212004,15720507,15721820,14200707,
,Liechtenstein,47.14,9.55,0,0,784,2419,2573,2485,2665,2983,3377,8047,30038,53413,75639,73120,83563,86406,95258,93548,97977,101819,105086,111531,121093,170897,227902,297385,449690,506148,537585,530137,567874,587132,581952,629214,623398,655412,661145,598629,
,Lithuania,55.1694,23.8813,0,0,1784,28282,45327,50852,57229,74566,107786,256290,1117708,3210118,5238106,5380403,6414133,6939837,8185456,8338794,8690692,9022409,9421501,11439217,13396872,15522707,18320190,24159372,32506338,34065398,35736876,34726388,36280461,37275320,36997676,39088474,38162454,39756494,40076334,36420851,
,Luxembourg,49.8153,6.1296,0,1,17209,99317,121711,122950,166386,225779,225144,351609,800948,1297802,1506358,1482434,1807017,1934308,2135012,2112721,2249994,2317984,2310622,2475951,2554104,2965040,3958420,4870139,6119755,6848408,7568791,7626320,8511087,8838248,8673947,9225816,9134080,9603064,9730379,8833517,
,MS Zaandam,0,0,0,0,8,270,279,270,279,279,270,279,270,279,279,252,279,270,279,270,279,279,270,279,270,279,279,252,279,270,279,270,279,279,270,279,270,279,279,252,
,Madagascar,-18.766947,46.869107,0,0,271,3143,10795,42217,192907,420613,473830,519886,517577,544372,564230,545744,671004,920949,1234386,1257988,1316791,1326646,1286768,1348560,1313510,1447410,1708273,1742230,1979813,1922943,1992151,1943516,2049383,2063847,1999598,2067522,2007278,2095473,2101256,1899704,
,Malawi,-13.2543,34.3015,0,0,0,528,2747,19374,82400,154885,170733,181240,179342,191330,415229,808919,1020068,1016210,1060848,1044880,1332324,1789312,1835665,1912943,1855421,2033747,2529137,2381038,2650996,2571538,2662344,2585551,2695469,2719053,2638715,2729747,2642356,2734016,2738798,2481155,
,Malaysia,4.210484,101.975766,39,231,27637,145040,214779,252725,271966,284350,302097,621112,1451172,2734703,4894111,7379863,10091945,11169973,14842763,20083427,28104044,44330803,60808599,73657794,76648435,83817240,87128455,86980566,120163478,130835358,138820813,136045426,143238371,146899220,144408336,150939668,148616031,155440446,156009707,141119575,
,Maldives,3.2028,73.2207,0,0,289,2519,32674,62485,90220,182727,278856,343649,369915,415623,451616,500324,679662,792272,1427554,2115375,2346890,2457769,2495393,2671076,2698123,2902606,3388510,4449649,5400669,5349539,5564781,5406509,5685705,5724439,5548892,5740215,5565147,5755183,5756799,5200250,
,Mali,17.570692,-3.996166,0,0,106,5898,26486,53905,75197,81775,88671,104007,120596,183402,239845,230661,282009,370821,438703,430658,449503,456116,451096,484350,502106,590016,843565,847700,943441,919194,960906,933986,967147,969230,968171,1013873,982452,1015710,1015983,920549,
,Malta,35.9375,14.3754,0,0,1707,11099,16920,19477,21346,41914,74643,137553,242409,352991,476588,559054,823697,893451,944429,917530,997617,1095777,1104365,1160270,1151917,1325636,1940896,1959598,2296850,2623784,2898300,2930657,3404791,3520823,3430970,3565861,3468567,3598535,3620356,3282113,
,Marshall Islands,7.1315,171.1845,0,0,0,0,0,0,0,0,0,8,76,124,124,112,124,120,124,120,124,124,120,124,120,124,202,196,217,339,527,538,1502,194125,455116,476121,463254,481915,482227,436570,
,Mauritania,21.0079,-10.9408,0,0,46,204,4057,67050,172865,208217,219109,235602,240629,357674,491063,475129,542837,543196,586230,605498,700939,935507,1052350,1136251,1148477,1241972,1631974,1639213,1818399,1760632,1825854,1779603,1909967,1943834,1883484,1956022,1902272,1966127,1969845,1782662,
,Mauritius,-20.348404,57.552152,0,0,699,8716,10308,10130,10621,10705,10886,12705,14332,16112,16991,16679,23284,35227,40320,50416,84746,205519,412484,535957,1273581,1984464,2386412,3789119,5780294,6508270,6941403,6833032,7301386,7784888,7797180,8169087,8059959,8849726,9082191,8261944,
,Mexico,23.6345,-102.5528,0,5,8124,229514,1560343,4692440,10107738,16108026,20309152,26077771,30342144,39586956,50652332,55678011,67295623,68840861,73811722,73938227,82258182,96508398,105987673,116125639,115423235,121716455,136340255,148162862,173819210,171512313,178271875,175898640,198645271,214528690,211888132,220142530,213563379,222642862,226643495,207560617,
,Micronesia,7.4256,150.5508,0,0,0,0,0,0,0,0,0,0,0,0,11,28,31,30,31,30,31,31,30,31,30,31,31,28,31,50,376,1069,24805,214627,285160,628760,666090,688293,694148,653833,
,Moldova,47.4116,28.3699,0,0,2328,62717,183842,370715,633899,948327,1336462,2024123,2719636,4002186,4724038,4799569,6450183,7299198,7860911,7678385,7995680,8152502,8382196,9795627,10600649,11498018,12335960,13509636,15770137,15477354,16063333,15582827,16262603,17215787,17470032,18347098,17830364,18469495,18520016,16825496,
,Monaco,43.7333,7.4167,0,1,433,2606,2993,3000,3437,4408,5389,8263,15872,22056,36725,49492,65951,71688,77158,76110,83433,95099,98307,104190,105962,133671,206647,251746,310095,340152,372804,377121,423661,442445,434593,458890,454600,489225,496614,450654,
,Mongolia,46.8625,103.8467,0,0,148,777,3071,6031,7957,9184,9314,10019,14618,29470,46561,65887,144609,613962,1500527,2528595,4455617,5774166,8691935,15045532,19136343,21203873,23222486,24671745,28375094,27603206,28608986,27829178,28926309,29987874,29445363,30502018,29653512,31060067,31240714,28220866,
,Montenegro,42.708678,19.37439,0,0,702,8188,10037,10921,54628,124250,227189,461498,820589,1312373,1704974,1930633,2615404,2846834,3061098,2999422,3123712,3332082,3718440,4269287,4563586,4996720,6216365,6341063,7186281,7023997,7325370,7150906,7683417,8360246,8340371,8733528,8500624,8812028,8853402,8041339,
,Morocco,31.7917,-7.0926,0,0,3758,71867,203338,284411,530553,1322632,2767280,5233086,8764895,12547642,14188137,13392533,15182695,15128193,15974439,15749902,17348581,23492706,27248648,29174026,28449179,29552655,32507402,32302381,36030162,34927620,36150631,35542053,38648472,39164575,37941835,39222755,38009938,39385757,39432645,35625888,
,Mozambique,-18.665695,35.529562,0,0,56,1062,4381,17887,41760,88562,179950,332795,432481,532505,831521,1405822,2000023,2069494,2182276,2172941,3012664,4273266,4480929,4683070,4543097,4992636,6650062,6290496,6980709,6759601,6991298,6803944,7096853,7126542,6905678,7141422,6915944,7154720,7173477,6517318,
,Namibia,-22.9576,18.4904,0,0,97,472,554,1843,33954,137480,293487,377670,407143,559188,923307,1015143,1287688,1389191,1596105,2085313,3358375,3795455,3793969,3978452,3871868,4236421,4760305,4388450,4881253,4742076,5007705,5049229,5246714,5246843,5077590,5254533,5098380,5271830,5283138,4786305,
,Nauru,-0.5228,166.9315,0,0,0,0,0,0,0,0,0,0,0,0,0,0,0,0,0,0,0,0,0,0,0,0,0,0,0,78,93,18004,133031,141251,138318,142941,138479,143251,143251,138992,
,Nepal,28.1667,84.25,7,10,56,792,13506,210352,535535,863563,1747272,3896377,6233158,7741083,8268041,7636928,8542862,8652964,14028143,18302317,20625926,22725898,23422810,24951348,24521548,25578234,27090353,27206440,30316361,29359287,30349203,29380433,30442775,30792549,29967806,31005178,30024049,31029295,31032654,28031426,
Aruba,Netherlands,12.5211,-69.9683,0,0,338,2634,3127,3034,3436,32928,94766,132575,140189,158810,195818,208693,265688,305143,336048,332570,349524,412255,454147,487079,483730,530604,908197,937441,1048294,1030627,1111264,1179397,1288600,1318837,1288500,1352951,1303979,1354820,1361350,1232464,
"Bonaire, Sint Eustatius and Saba",Netherlands,12.1784,-68.2385,0,0,0,101,186,210,274,408,1280,4486,4699,5434,6076,5488,6076,8602,49362,48786,51849,54280,58267,71340,79529,98381,167260,206978,243357,278565,308692,307248,328999,342018,338747,353396,345101,361005,364802,330292,
Curacao,Netherlands,12.1696,-68.99,0,0,89,417,514,663,814,1218,6191,21196,44414,112858,138874,130261,177932,338472,379706,369118,395926,451638,477144,523080,517495,563616,984122,1073439,1228308,1242853,1334886,1327624,1389354,1401484,1360056,1407884,1366072,1425566,1425566,1287608,
Sint Maarten,Netherlands,18.0425,-63.0548,0,0,37,1612,2372,2310,2688,9242,16986,22963,28509,39447,51060,55688,64907,65807,71665,76151,82864,99962,121060,137241,136239,146161,243275,265391,298588,297248,315178,314357,330554,334760,325563,337634,328163,340098,341128,308432,
,Netherlands,52.1326,5.2913,0,17,115250,868969,1357705,1465481,1607450,1959108,2736917,7079408,13599657,20468595,28127841,29014208,36574906,41793667,49427822,50222118,55163841,59116026,59346739,63748903,71117899,91076374,114244078,159801717,224608355,239963730,250156954,243675116,256346113,259341988,252128576,262729063,255908825,265209965,265889678,240467063,
Cook Islands,New Zealand,-21.2367,-159.7777,0,0,0,0,0,0,0,0,0,0,0,0,0,0,0,0,11,30,31,31,30,31,30,60,62,100,20704,113921,168467,171965,181361,192536,191442,198059,191670,198059,212598,196515,
Niue,New Zealand,-19.0544,-169.8672,0,0,0,0,0,0,0,0,0,0,0,0,0,0,0,0,0,0,0,0,0,0,0,0,0,0,58,220,278,293,853,1842,2319,2566,2872,8388,21293,21281,
,New Zealand,-40.9006,174.886,0,2,3637,38859,46429,45317,47976,50692,54113,58768,60239,65370,69608,65507,75612,77304,82193,81305,87077,94499,119977,160158,275583,408559,471430,957087,13130938,24567039,32858651,37807199,46305643,52574376,52901292,56119561,56830819,62863670,66586713,61561099,
,Nicaragua,12.865416,-85.207229,0,0,27,253,5740,49650,81006,105807,117663,132760,136218,146713,152257,142073,162127,162011,175675,185190,218224,256898,302665,375894,395115,417779,422106,387201,438241,430037,448135,437851,457228,461108,449683,468775,456296,474398,480491,437206,
,Niger,17.607789,8.081666,0,0,119,15083,26985,30260,34308,36069,35530,37451,39812,75726,125511,130884,151178,153386,165559,163640,172414,177904,178082,191313,201043,222782,255276,243985,272280,266034,279128,270930,281430,284562,281499,291880,282898,292922,294304,266224,
,Nigeria,9.082,8.6753,0,2,843,19506,180866,521195,1081480,1523808,1697188,1889825,1957643,2359755,3386814,4086780,4974919,4922431,5137725,5013342,5260050,5678456,6004909,6478352,6396417,6953623,7742630,7112947,7905083,7668708,7932216,7695121,8033800,8137903,7939485,8241771,7986986,8256733,8260206,7461224,
,North Macedonia,41.6086,21.7453,0,4,2469,29086,55465,127852,267796,393574,484487,721228,1422228,2316938,2736461,2725082,3572167,4319854,4785891,4666352,4833382,5095530,5548376,6103647,6289621,6832544,7605926,8032367,9367443,9246887,9635368,9384828,9899212,10395563,10255881,10651846,10332770,10701832,10730119,9706638,
,Norway,60.472,8.4689,0,23,51448,200308,253969,259993,279850,309769,373709,512670,868805,1318834,1785238,1873818,2572627,3171867,3700511,3857167,4160862,4537873,5344459,6108770,7025480,10381817,16925506,29315611,42054914,42555996,44331472,43178674,45022885,45207680,43840346,45370654,44009523,45634134,45783244,41396812,
,Oman,21.512583,55.923255,0,22,1700,32202,169194,752585,1918861,2564645,2740993,3346098,3601350,3926319,4078314,3852400,4607228,5301318,6371247,7210229,8870465,9300784,9095408,9425031,9132995,9450511,9796539,10230941,11980555,11664190,12070131,11696091,12168012,12314727,11940486,12355017,11967810,12373074,12374364,11184572,
,Pakistan,30.3753,69.3451,0,14,17691,246405,1316336,4450339,7910429,8934372,9118734,10005964,10891173,13839663,16029828,15805181,19174307,22498648,27285941,28310741,30662032,34221503,36401979,39153129,38404470,40007671,41642011,41569570,47108784,45810533,47405494,45965844,47930097,48473453,47138849,48761470,47241405,48840591,48858299,44144806,
,Palau,7.515,134.5825,0,0,0,0,0,0,0,0,0,0,0,0,0,0,0,0,0,0,0,18,108,209,240,256,11283,87401,121630,126906,151053,154682,163991,164788,162944,170071,168313,183453,185365,167647,
,Panama,8.538,-80.7821,0,0,7317,112687,296760,671302,1544999,2495408,3095304,3823490,4442214,6281785,9023901,9296807,10808142,10799722,11501345,11710717,13035398,13883030,13891228,14572468,14249936,14979664,18126488,20717514,23571670,23071933,25209916,26867726,29063338,29907800,29510144,30644359,29799726,31465058,31852039,28853185,
,Papua New Guinea,-6.314993,143.95555,0,0,12,139,248,261,786,9181,15304,17613,18326,22656,25582,27487,87886,271554,421278,501084,539443,552013,560334,766338,991611,1112238,1130013,1092576,1297943,1307623,1368086,1340067,1387463,1389847,1347922,1401768,1372205,1441401,1446640,1309760,
,Paraguay,-23.4425,-58.4438,0,0,616,5209,22319,41461,107086,322154,895490,1643914,2172533,2979709,3746546,4076019,5750218,7382128,9791132,11849589,13681834,14150227,13781725,14273658,13857719,14392559,15640393,17449915,20026678,19459571,20149457,19586619,21144343,22086367,21475806,22234567,21541549,24114109,24819515,22600354,
,Peru,-9.19,-75.0152,0,0,7702,410944,2852556,6934846,10661731,16405207,22054476,26653391,28025436,30624534,32876154,34491490,44328085,50368511,58363888,60298312,64712368,66153007,64913077,67862744,66527031,70109618,82832154,96130902,109630948,106663542,110770286,107950651,116265558,124898705,123876863,128666589,125569458,135915245,138675434,125551221,
,Philippines,12.879721,121.774017,2,30,11453,163684,386438,813411,1949430,4980560,8070661,10848463,12238336,14069315,15468721,15404710,19944409,27170027,35354696,39834261,46488506,54767029,68652788,83671429,84477762,87950017,98979005,101714488,113827940,110475335,114332624,110867498,115752247,118890751,117474219,123396091,120614364,125641322,126164680,114097519,
,Poland,51.9194,19.1451,0,0,16224,235230,568704,890824,1223582,1758274,2314353,5617354,21289192,35868875,43986631,44741606,61090282,78591316,88232622,86322708,89320869,89453978,86892034,91361038,97603827,120216939,135989007,150856314,181084775,179489753,186097544,180325143,187101824,189900462,187031983,196036576,190417456,197179494,197588122,179087332,
,Portugal,39.3999,-8.2245,0,0,46919,533042,891512,1120468,1466385,1681411,1979547,3100387,6631134,11078455,17049576,21832473,25249953,24884086,26115035,25847071,28649499,31154126,31722785,33465710,33407248,37986669,60216138,88159168,110632373,116530708,133962015,149224327,163491008,166866276,163657794,170747588,165976277,172072145,172351500,155841700,
,Qatar,25.3548,51.1839,0,1,10292,156835,1004693,2393921,3253053,3564216,3670670,4003427,4075334,4383960,4566164,4411295,5315332,5816640,6600444,6601727,6946566,7114710,7049934,7375473,7240170,7633998,9202189,9817439,11143841,10898552,11358363,11237686,12243698,13028333,13196136,14306711,14232852,15045351,15231917,13809434,
,Romania,45.9432,24.9668,0,8,14734,222963,507655,680012,1133525,2170182,3212048,5464640,10889047,17531041,21284511,21393593,27072367,30490112,33171681,32392059,33532173,33754375,34337334,44801532,52125668,55657693,60317609,71571471,86877467,86351151,89990511,87409454,92130887,97950277,97424854,101660008,98770276,102376352,102852727,93263301,
,Russia,61.52401,105.318756,2,20,12224,1129437,8257093,16097579,23233041,28508044,32289140,42549555,57925419,84102182,108422409,112712911,135088504,138817103,151422841,156065265,180807882,202288961,213257211,243702611,268848465,308149702,333225023,394826843,530316306,533477827,557920289,543520063,565007392,580028719,600112736,650138103,636213752,663172582,668310150,610370069,
,Rwanda,-1.9403,29.8739,0,0,579,4265,9340,18926,46037,83766,137668,154093,164524,216567,348874,485642,631948,711088,810644,918124,1688748,2481472,2808651,3066525,3003360,3180794,3836843,3620021,4018393,3892833,4027830,3914608,4085741,4103106,3974513,4108456,3979070,4118204,4124808,3727776,
,Saint Kitts and Nevis,17.357822,-62.782998,0,0,25,385,465,450,515,527,530,589,593,862,1072,1130,1325,1320,1559,7210,16764,23229,45932,75868,82331,87390,142962,154048,171797,166691,174620,176406,196526,201189,196005,202943,196560,203348,203954,184639,
,Saint Lucia,13.9094,-60.9789,0,0,66,442,556,567,703,789,802,1254,5201,8909,20063,68586,124502,131631,149042,155700,168839,205752,302648,376539,384613,408211,534001,618156,708405,693522,758324,796946,851373,880264,870438,916109,890322,921634,922824,836222,
,Saint Vincent and the Grenadines,12.9843,-61.2872,0,0,18,329,567,834,1233,1779,1894,2092,2400,3070,14455,38221,52231,54187,60269,64550,69960,71696,82077,135514,158610,177618,215165,229137,258064,250831,264562,267305,284897,291486,283225,292980,283834,294541,296489,268454,
,Samoa,-13.759,-172.1046,0,0,0,0,0,0,0,0,0,0,17,62,62,70,93,90,93,90,93,93,90,93,90,93,343,923,11237,159380,362218,430505,470219,481255,476580,494233,478608,495173,496326,457641,
,San Marino,43.9424,12.4578,0,1,3322,11807,19954,21044,22169,22375,22218,24710,37934,61956,84546,93013,130318,148988,157600,152719,158194,162316,161797,170002,171580,213981,325152,388558,459714,475763,522049,521729,590782,625059,616622,658764,654765,701540,722422,657677,
,Sao Tome and Principe,0.1864,6.6131,0,0,0,118,7624,18865,23753,27436,27146,28809,29081,31257,34943,42060,64204,68164,72144,70746,74532,77767,89491,113090,111838,116278,162107,165769,184144,178520,185162,180379,188411,189912,185799,193816,188242,194644,194650,175848,
,Saudi Arabia,23.885942,45.079162,0,0,12266,262096,1660260,4063590,7458294,9232859,9799409,10580404,10591512,11170841,11315754,10439661,11883601,12092823,13447425,14072278,15724328,16634580,16376533,16984009,16477699,17090004,19135781,20342440,23215338,22573784,23564065,23444616,24901493,25172637,24448701,25393444,24737120,25618420,25651202,23203481,
,Senegal,14.4974,-14.4524,0,0,1444,12025,72254,157369,264469,372440,432699,476074,474263,540600,704660,865118,1146849,1188702,1267344,1265377,1573611,2159140,2204613,2289606,2218667,2300765,2525362,2391583,2660024,2578820,2667552,2585964,2689818,2721561,2647095,2745696,2664349,2755579,2755904,2489425,
,Serbia,44.0165,21.0059,0,0,5865,149995,324948,377220,618471,906472,976669,1146697,2898418,8500530,11459767,11879989,16376145,19596057,21842312,21450384,22277873,22841301,25355251,32408104,36360535,39633298,45131314,51382228,60351832,59820211,62397140,60663286,63954697,68638241,69786811,73995673,72442457,75465873,76255149,69494261,
,Seychelles,-4.6796,55.492,0,0,132,322,341,539,3099,3867,4118,4580,4785,6046,21485,53251,104027,142550,285598,410644,533406,594665,622196,678707,682751,744625,971409,1079284,1233155,1246058,1344286,1332605,1400062,1418295,1389823,1475671,1484633,1557274,1561315,1418620,
,Sierra Leone,8.460555,-11.779889,0,0,1,1108,14797,35399,51771,60266,63761,71801,71748,76929,92626,106690,122060,120558,127129,139541,188132,196382,191546,198286,191987,202909,232016,214192,237768,230359,238137,230615,239317,239984,232488,240312,232706,240555,240560,217280,
,Singapore,1.2833,103.8333,53,904,11276,188949,824865,1210239,1472037,1719511,1721643,1794938,1743530,1809806,1831362,1673891,1864345,1822946,1909452,1870159,1963314,2053482,2310010,4539733,7138631,8498438,9362272,14378659,29613458,34613453,38685541,40835061,49165286,55587647,56133113,62292155,64290417,67781785,68550314,62199304,
,Slovakia,48.669,19.699,0,0,3307,28263,45753,47133,60846,92437,187265,903834,2828194,5876999,11181095,14364977,20383434,22040345,23711548,23210464,24045132,24113804,23676572,26061417,30761240,40230720,44557477,52597311,71397067,74972721,78679434,76377827,79490303,80009336,78074687,81718153,79414748,82272532,82435254,74561196,
,Slovenia,46.1512,14.9955,0,0,8609,36605,45272,45374,58783,76193,121393,454130,1671542,3098836,4541774,5025008,6272871,6883212,7706414,7690069,8002110,8131082,8398786,9612742,11452020,13773534,17173541,23537532,28777539,29802899,31597863,30908430,32851256,34285058,34591925,37622787,37350369,39817130,40817274,37090252,
,Solomon Islands,-9.6457,160.1562,0,0,0,0,0,0,0,0,0,87,458,527,527,495,559,585,620,600,620,620,600,620,600,636,7487,131374,288135,379106,544945,641408,667864,667864,646320,667864,686762,761825,761825,688100,
,Somalia,5.152149,46.199616,0,0,29,5314,40774,77531,95846,100817,102629,118956,129609,143124,146980,154727,292095,384553,448128,444512,468586,508307,563258,658312,682756,719709,758435,734090,818286,794068,821956,799953,833599,837620,813934,843942,817772,846202,846662,765026,
,South Africa,-30.5595,22.9375,0,0,10173,88044,497374,2421471,10057917,17952588,19588033,21710951,22626679,27842916,40240702,41711243,47472251,46922791,50121593,53680896,69708562,81181402,85863338,90361273,88019121,100204885,110041143,102039769,114641408,112347626,120525229,119425806,123987459,124262909,120462357,124729660,121056906,125425707,125623387,113657324,
,South Sudan,6.877,31.307,0,0,0,191,12050,49168,66680,76852,78188,87229,90188,101635,115032,158760,291531,312418,330054,322251,338612,347737,351900,378093,377629,420729,506561,472971,529933,521264,543723,530062,549679,552036,534690,552513,549543,569192,569408,514304,
,Spain,40.463667,-3.74922,0,121,742546,5236777,7102653,7331192,8134290,11159043,18316260,29494693,43932783,55067758,71180786,85568038,99280629,101966198,111828043,112315945,127176133,145741563,147560360,154564729,152079399,171026150,254958441,297511298,349594466,350735199,376233129,376128355,404802979,412213805,401412223,417352274,406684926,422945046,424979742,384997471,
,Sri Lanka,7.873054,80.771797,5,10,1471,9067,31986,57101,78455,90093,97197,184458,519494,1064723,1640683,2102971,2741305,2923063,4503722,6833733,8767613,11351254,14713462,16441709,16571542,17870883,18518375,17632962,20340353,19882666,20573475,19919224,20602974,20713229,20114881,20798799,20143672,20825567,20830633,18816364,
,Sudan,12.8628,30.2176,0,0,48,2897,71755,221561,327938,385040,404872,424972,459778,686746,860954,838465,959112,982035,1077066,1086309,1145318,1161824,1139647,1223509,1239880,1397724,1598825,1678689,1913826,1861362,1927986,1874415,1947737,1957214,1898143,1965231,1907395,1973694,1975126,1785567,
,Summer Olympics 2020,35.6491,139.7737,0,0,0,0,0,0,0,0,0,0,0,0,0,0,0,0,0,47,1759,16989,25768,26815,25950,26815,26815,24220,26815,25950,26815,25950,26815,26815,25950,26815,25950,26815,26815,24220,
,Suriname,3.9193,-56.0278,0,0,88,300,342,7377,30514,92088,137565,157566,158057,172469,230537,245498,279961,287403,378849,562825,739471,835081,1064076,1424660,1502717,1592878,1985507,2152399,2443989,2378339,2479618,2421666,2508558,2511037,2432239,2515434,2437193,2529011,2542620,2302149,
,Sweden,60.128161,18.643501,0,36,47284,391340,938735,1611074,2280371,2519171,2632351,3240753,5546377,10695430,15946013,17201658,22569251,26658585,32025515,32498568,33929227,34482960,34241906,36023728,35575143,38709278,50921261,66525932,76562743,74834411,77654834,75369573,78372890,79166376,77309019,80700261,78605287,82149952,83291879,75497960,
,Switzerland,46.8182,8.2275,0,36,155101,767858,943988,935609,1033677,1188157,1438863,2627252,7765995,12135482,15277220,15173740,17873268,18901590,21072727,21010449,21972863,23065259,24451970,26537685,27887830,36003249,53612200,71909850,98586109,106986346,113207786,111125643,119787789,124104283,122180660,129330423,128720751,135476949,136547458,123467969,
,Syria,34.802075,38.996815,0,0,52,921,2083,5546,15250,53007,107816,154191,203042,299051,399586,416099,525778,625640,735690,749173,799889,825351,914260,1205881,1385891,1532747,1573679,1483239,1716146,1672916,1731830,1677285,1737098,1758893,1715835,1777387,1721445,1779942,1780545,1608830,
,Taiwan*,23.7,121,52,302,3877,11888,13625,13341,14062,14954,15038,16593,18038,23118,26502,26198,30735,32190,95763,386235,475596,491598,483298,506113,494937,520388,553190,550393,671700,1293077,28620035,91219341,130922953,153111322,176276279,221670317,241956638,265284634,285615998,275181195,
,Tajikistan,38.861,71.2761,0,0,0,0,47672,150326,207033,248207,273930,321645,347767,402390,424856,383992,425134,411420,425134,412417,450737,511577,523168,542024,524673,542283,543487,497425,551366,533580,551366,533580,551366,551366,533580,551366,533580,551366,551366,498008,
,Tanzania,-6.369028,34.888822,0,0,163,4575,15576,15270,15779,15779,15270,15779,15270,15779,15779,14252,15779,15270,15779,15270,17903,39227,235810,806525,786505,826733,971890,936639,1045686,1015330,1082636,1061130,1141382,1186891,1175305,1229047,1208032,1286064,1316976,1196853,
,Thailand,15.870032,100.992541,96,375,13477,77098,93701,93991,100363,104473,104491,113850,116291,150944,371766,676844,847259,1243747,3321800,6185040,12382024,28523465,42682161,54840399,60742466,67526898,72067331,73741222,101081932,119566388,135481189,134719285,141329846,143381951,140127263,145276846,140962586,146195863,146488949,132370906,
,Timor-Leste,-8.874217,125.727539,0,0,10,365,744,720,744,787,812,894,900,1054,1705,2678,8190,38592,139492,250327,310489,409868,558050,610711,594295,614752,615866,604623,706445,685485,709641,688150,712293,715857,696770,721728,699584,724593,725570,655673,
,Togo,8.6195,0.8248,0,0,278,2313,8434,16202,23804,36091,48078,63293,80374,102862,132772,166043,262504,364486,410771,409907,453460,569407,718115,801108,785065,839208,1082678,1026818,1142908,1108915,1147968,1116870,1170489,1187223,1162207,1216030,1179556,1219462,1219853,1102162,
,Tonga,-21.179,-175.1982,0,0,0,0,0,0,0,0,0,0,0,0,0,0,0,0,0,0,0,0,0,3,30,31,31,4266,85768,260977,345171,359625,385111,427059,483382,501642,485460,501903,513380,470120,
,Trinidad and Tobago,10.6918,-61.2225,0,0,757,3315,3598,3629,4310,22008,98238,161320,184145,214764,228015,214119,242510,267657,519033,874442,1107439,1298105,1434080,1672024,1905618,2568733,3146724,3373332,4140550,4265211,4814121,4948915,5242891,5440351,5448186,5708374,5551692,5756876,5794245,5273709,
,Tunisia,33.886917,9.537499,0,0,2476,23056,32212,33677,41174,72295,273502,1173458,2394119,3603614,5450840,6240176,7531509,8436921,10160403,11295935,16125899,19464522,20726903,22025150,21460418,22343726,24726855,27059578,31729519,31153407,32285140,31350978,33839620,35313911,34349378,35524743,34403739,35566543,35616507,32216230,
,Turkey,38.9637,35.2433,0,0,58776,2098207,4521709,5429570,6712753,7744882,8864996,10707361,13199045,51443548,73376598,72545924,91423494,123292520,158013888,160312473,171560929,188672977,202927342,236218663,253213259,282763548,325005148,364087399,452085908,449314421,466691821,452549362,476461886,509387466,504934910,524118902,507589140,524508778,528324382,477196216,
,Tuvalu,-7.1095,177.6493,0,0,0,0,0,0,0,0,0,0,0,0,0,0,0,0,0,0,0,0,0,0,0,0,0,0,0,0,27,90,213,356,600,644,43276,86955,86955,78540,
,US,40,-100,41,169,1121455,19983914,45432591,64910200,111255515,166653998,199771381,251604728,339249441,529043164,734474008,777334442,920129602,948157368,1023826805,1008143179,1061675346,1151301238,1250599868,1393283678,1420336531,1579026867,2047171436,2181001669,2472250584,2423243393,2568752098,2581807610,2775400123,2886562865,2865642242,3005527177,2944637408,3094723993,3152507640,2883665353,
,Uganda,1.373333,32.290275,0,0,211,1797,5937,21150,32169,54950,161746,320818,489403,882278,1179121,1120741,1258743,1239637,1341476,1941447,2752512,3189120,3654373,3876243,3808063,4040510,4838703,4556625,5072126,4920658,5089968,4990435,5226921,5251018,5081880,5251353,5087478,5264677,5276621,4772402,
,Ukraine,48.3794,31.1656,0,0,3064,137421,543592,1011298,1797522,2952987,5019534,9292272,16972054,29178756,36713095,37009908,47885644,58596168,68317479,68545345,71807902,73089935,73292961,85671005,101255789,116338482,123301901,132893075,159478870,156603967,162397490,158081771,163990072,164592738,161676089,171526711,168841783,175329518,175845681,159287009,
,United Arab Emirates,23.424076,53.847818,12,136,5515,175824,718686,1274693,1724036,2009206,2450597,3511783,4535051,5847851,7811891,9796313,13316657,14769790,16930991,18085087,20393836,21761120,21892079,22889344,22231093,23129465,24963260,24288924,27474447,26852964,27992757,27718445,30105792,31169681,30653683,32020868,31244034,32421823,32493796,29418658,
Anguilla,United Kingdom,18.2206,-63.0686,0,0,8,89,93,90,93,93,90,93,100,309,467,495,634,1154,3249,3270,3466,4525,9756,20689,35145,48358,63087,69151,80706,82007,93635,101087,108919,114842,115604,119844,116892,121024,121024,109312,
Bermuda,United Kingdom,32.3078,-64.7505,0,0,161,2152,3874,4304,4681,5046,5334,5791,6688,13838,20571,19509,25208,58284,76289,75034,78417,83679,120654,171598,171129,182449,269067,313820,372671,388063,440794,467614,517757,544896,541421,566236,553277,574901,580299,526022,
British Virgin Islands,United Kingdom,18.4207,-64.64,0,0,9,121,229,240,248,508,1955,2201,2130,2457,3371,3309,4743,5472,7211,7840,47186,78894,79102,84060,82518,90651,154945,167789,189302,186201,203933,206588,220063,221381,219038,226455,219150,226455,226455,204540,
Cayman Islands,United Kingdom,19.3133,-81.2546,0,0,95,1629,3204,5503,6269,6319,6237,7050,7694,9471,11453,11709,14590,15673,17458,17968,19348,20338,22624,34167,130469,248795,364834,491529,621101,640232,734972,789616,873995,920892,911620,956488,934923,973372,975632,881216,
Channel Islands,United Kingdom,49.3723,-2.3644,0,0,0,0,0,0,0,0,0,0,0,0,0,0,0,0,0,0,0,0,0,0,0,0,0,0,0,0,0,0,0,0,0,0,0,0,0,0,
Falkland Islands (Malvinas),United Kingdom,-51.7963,-59.5236,0,0,0,239,403,390,403,403,390,403,441,688,1028,1421,1674,1807,1953,1890,1953,2037,2010,2120,2301,2573,2652,2783,3651,4200,32144,52721,56721,57919,56712,59830,57900,59830,59830,54040,
Gibraltar,United Kingdom,36.1408,-5.3536,0,0,474,3737,4650,5265,5619,6936,10175,17099,26480,39599,106983,117774,132123,128467,132905,129524,142317,161459,163583,178261,198256,240901,335935,404032,501269,522826,562648,567826,614326,620696,602280,623439,604764,627321,631198,571460,
Guernsey,United Kingdom,49.448196,-2.58949,0,0,385,6064,7811,7560,7812,7812,7641,8059,8408,9036,10126,21138,25451,24646,25483,24789,27373,33892,43709,56920,85507,171299,312825,351626,535967,700571,779242,783945,893330,942746,929347,986637,978444,1035744,1069345,975219,
Isle of Man,United Kingdom,54.2361,-4.5481,0,0,303,7134,10283,10080,10416,10416,10149,10761,10891,11538,12823,12498,36970,47330,49308,48014,80461,183389,213281,265518,312082,396252,595736,621546,790730,913077,1012103,1010578,1153220,1173130,1140240,1178248,1140240,1178248,1178248,1064224,
Jersey,United Kingdom,49.2138,-2.1358,0,0,332,6004,9140,9310,10030,10757,11538,15021,22072,58580,92876,89323,99839,96884,100303,99157,178095,274982,290816,322949,369986,497244,789514,959744,1296813,1451735,1556408,1539131,1739951,1813961,1782112,1888205,1869455,1986269,2047687,1858904,
Montserrat,United Kingdom,16.742498,-62.187366,0,0,38,286,341,330,362,402,390,403,390,403,403,508,620,600,620,600,638,729,951,1239,1266,1378,3922,4565,5264,5536,22467,30287,31936,34036,39072,43493,42090,43493,43493,39284,
Pitcairn Islands,United Kingdom,-24.3768,-128.3242,0,0,0,0,0,0,0,0,0,0,0,0,0,0,0,0,0,0,0,0,0,0,0,0,0,0,0,0,0,0,48,124,120,124,120,124,124,112,
"Saint Helena, Ascension and Tristan da Cunha",United Kingdom,-7.9467,-14.3559,0,0,4,0,0,0,0,0,48,62,75,101,124,112,124,120,124,120,124,124,120,124,120,124,124,112,124,120,124,120,124,148,14187,59899,63685,66054,67146,60648,
Turks and Caicos Islands,United Kingdom,21.694,-71.7979,0,0,18,282,372,454,2277,9181,19265,21628,21724,24548,34597,51735,69457,70874,74541,72665,75863,79646,83104,90544,91479,98236,148554,162989,182223,178037,187748,185394,193932,196628,191281,198123,193061,200309,201451,183232,
,United Kingdom,55.3781,-3.436,2,358,281211,3299974,6976157,8169695,9072047,9875618,11491214,21913843,40723343,61191878,101884708,112881786,132310463,131500537,137945861,138157602,165543949,195717880,219771163,261178129,289169161,349585865,468961755,512145395,618186428,651364430,687949360,673926586,714427996,726302371,707330680,737583801,718817180,746522264,751175726,681154623,
,Uruguay,-32.5228,-55.7658,0,0,3023,15144,22718,25962,32857,44615,55050,77922,125784,358979,960688,1383421,2381456,4664168,7546728,10223391,11704226,11884443,11613874,12122759,11905676,12535837,16212553,21789391,26928390,26828349,28108614,28265719,29920456,30219807,29481038,30625442,29757972,31022487,31827220,28939194,
,Uzbekistan,41.377491,64.585262,0,0,1062,35053,85596,168606,479255,1068133,1468909,1935712,2106636,2334877,2415594,2222824,2511079,2590272,2984422,3144322,3691745,4452808,4982610,5593156,5698073,6088166,6435400,6510433,7355174,7146576,7403421,7187933,7504248,7549459,7320148,7576408,7357698,7698921,7754800,7022221,
,Vanuatu,-15.3767,166.9592,0,0,0,0,0,0,0,0,0,0,21,31,31,28,79,100,124,120,124,124,120,134,180,204,217,283,27591,175273,258993,316901,360632,364426,357530,371225,359430,371762,372430,336392,
,Venezuela,6.4238,-66.5897,0,0,1296,6845,22391,101886,349975,1023744,1870624,2638216,2924109,3361140,3711664,3732780,4592207,5402012,6686146,7636758,8996433,9921644,10532694,12088683,12610299,13622599,14229720,14119931,16072901,15651310,16214543,15740693,16438017,16741795,16315783,16904344,16397619,17017211,17081921,15450407,
,Vietnam,14.058324,108.277199,18,160,2514,7778,9465,10196,12278,28091,31897,35048,38113,43541,48059,61812,78997,82567,139751,353821,1884501,9098544,19319948,26660523,31717272,46093514,62533152,74317388,208946313,309335784,331500056,322032029,333590941,350560617,343494604,356255170,345292721,357175199,357307670,322748399,
,West Bank and Gaza,31.9522,35.2332,0,0,1355,8597,12240,25938,230938,519581,965368,1445125,1983791,3560267,4668798,4737219,6630876,8237354,9407890,9352725,9780037,10047575,11297932,13678267,13714144,14421874,14912917,16945022,20253115,19697297,20377185,19748695,20721398,21583887,21079267,21788482,21091080,21797956,21800068,19690384,
,Winter Olympics 2022,39.9042,116.4074,0,0,0,0,0,0,0,0,0,0,0,0,0,0,0,0,0,0,0,0,0,0,0,0,1255,13168,16534,16050,16585,16050,16585,16585,16050,16585,16050,16585,16585,14980,
,Yemen,15.552727,48.516388,0,0,0,31,4101,23264,46644,57598,60327,63654,62038,64649,65439,60549,96700,167368,203183,205645,216257,228765,255744,294286,297604,312407,323141,323824,365528,354443,366394,354684,367093,369122,357963,370093,358342,370295,370295,334460,
,Zambia,-13.133897,27.849332,0,0,194,1754,18622,40038,90582,290970,410862,486509,514878,579474,1112407,1923634,2627072,2711129,2876141,3618081,5602228,6270319,6241650,6493305,6299675,6817388,8996661,8668346,9772488,9548651,9940673,9712282,10162255,10288907,9998487,10342175,10010919,10350148,10464264,9582591,
,Zimbabwe,-19.015438,29.154857,0,0,53,618,1871,12096,48113,163293,223571,251343,268984,366341,787416,984049,1132264,1126565,1195909,1254281,2471417,3706768,3823536,4096547,4005243,5481442,6964398,6505869,7524023,7415825,7742999,7631884,7937540,7953397,7711011,7991341,7738061,8046576,8072411,7370790,
,,,,,,,,,0,0,0,0,0,0,0,0,0,0,0,0,0,0,0,0,0,0,0,0,0,0,0,0,0,0,0,0,0,,0,0,0,
,,,,,,,,,0,0,0,0,0,0,0,0,0,0,0,0,0,0,0,0,0,0,0,0,0,0,0,0,0,0,0,0,0,,0,0,0,